ATCC_names,DH_names,BW_names,MG_names
DR76_RS00100,ECDH10B_RS11550,BW25113_RS11045,b2118
DR76_RS00105,ECDH10B_RS11555,BW25113_RS11050,b4541
DR76_RS00120,ECDH10B_RS11565,BW25113_RS11060,b2120
DR76_RS00135,ECDH10B_RS11580,BW25113_RS11075,b2123
DR76_RS00145,ECDH10B_RS11590,BW25113_RS11085,b2125
DR76_RS00180,ECDH10B_RS11625,BW25113_RS11120,b2131
DR76_RS00200,ECDH10B_RS11645,BW25113_RS11140,b2135
DR76_RS00250,ECDH10B_RS11695,BW25113_RS11190,b2145
DR76_RS00290,ECDH10B_RS11735,BW25113_RS11230,b2152
DR76_RS00325,ECDH10B_RS11765,BW25113_RS11260,b2157
DR76_RS00330,ECDH10B_RS11770,BW25113_RS11265,b2158
DR76_RS00340,ECDH10B_RS11780,BW25113_RS11275,b2160
DR76_RS00355,ECDH10B_RS11785,BW25113_RS11280,b2161
DR76_RS00355,ECDH10B_RS11800,BW25113_RS11295,b2164
DR76_RS00360,ECDH10B_RS11805,BW25113_RS11300,b2165
DR76_RS00400,ECDH10B_RS11845,BW25113_RS11340,b2172
DR76_RS00445,ECDH10B_RS11890,BW25113_RS11385,b2181
DR76_RS00460,ECDH10B_RS11905,BW25113_RS11400,b2184
DR76_RS00475,ECDH10B_RS11920,BW25113_RS11415,b2187
DR76_RS00480,ECDH10B_RS11925,BW25113_RS11420,b2188
DR76_RS00780,ECDH10B_RS12115,BW25113_RS11610,b2223
DR76_RS00790,ECDH10B_RS12125,BW25113_RS11620,b2225
DR76_RS00795,ECDH10B_RS12130,BW25113_RS11625,b2226
DR76_RS00805,ECDH10B_RS12145,BW25113_RS11640,b2229
DR76_RS00810,ECDH10B_RS12150,BW25113_RS11645,b2230
DR76_RS00820,ECDH10B_RS12160,BW25113_RS11655,b2232
DR76_RS00880,ECDH10B_RS12225,BW25113_RS11720,b2244
DR76_RS00885,ECDH10B_RS12235,BW25113_RS11730,b2245
DR76_RS00890,ECDH10B_RS12240,BW25113_RS11735,b2246
DR76_RS00905,ECDH10B_RS12255,BW25113_RS11750,b2249
DR76_RS00910,ECDH10B_RS12260,BW25113_RS11755,b2250
DR76_RS01000,ECDH10B_RS12350,BW25113_RS11845,b2267
DR76_RS01010,ECDH10B_RS12370,BW25113_RS11860,b2270
DR76_RS01020,ECDH10B_RS12380,BW25113_RS11870,b2272
DR76_RS01105,ECDH10B_RS12480,BW25113_RS11970,b2292
DR76_RS01120,ECDH10B_RS12495,BW25113_RS11985,b2295
DR76_RS01170,ECDH10B_RS12545,BW25113_RS12035,b2304
DR76_RS01180,ECDH10B_RS12560,BW25113_RS12050,b2307
DR76_RS01195,ECDH10B_RS12575,BW25113_RS12065,b2310
DR76_RS01230,ECDH10B_RS12610,BW25113_RS12100,b2317
DR76_RS01240,ECDH10B_RS12620,BW25113_RS12110,b2319
DR76_RS01280,ECDH10B_RS12660,BW25113_RS12150,b2327
DR76_RS01300,ECDH10B_RS12680,BW25113_RS12170,b2331
DR76_RS01310,ECDH10B_RS12685,BW25113_RS12175,b2332
DR76_RS01320,ECDH10B_RS12695,BW25113_RS12185,b2334
DR76_RS01325,ECDH10B_RS12700,BW25113_RS12190,b2335
DR76_RS01330,ECDH10B_RS12705,BW25113_RS12195,b2336
DR76_RS01340,ECDH10B_RS12715,BW25113_RS12205,b2339
DR76_RS01360,ECDH10B_RS12735,BW25113_RS12225,b2343
DR76_RS01375,ECDH10B_RS12755,BW25113_RS12245,b2347
DR76_RS01465,ECDH10B_RS12900,BW25113_RS12390,b2375
DR76_RS01480,ECDH10B_RS12915,BW25113_RS12405,b2377
DR76_RS01505,ECDH10B_RS12940,BW25113_RS12430,b2382
DR76_RS01525,ECDH10B_RS12960,BW25113_RS12450,b2386
DR76_RS01530,ECDH10B_RS12965,BW25113_RS12455,b2387
DR76_RS01540,ECDH10B_RS12975,BW25113_RS12465,b2389
DR76_RS01555,ECDH10B_RS12990,BW25113_RS12480,b2392
DR76_RS01565,ECDH10B_RS13005,BW25113_RS12495,b2395
DR76_RS01580,ECDH10B_RS13020,BW25113_RS12510,b2398
DR76_RS01585,ECDH10B_RS13025,BW25113_RS12515,b2399
DR76_RS01640,ECDH10B_RS13080,BW25113_RS12565,b2409
DR76_RS01645,ECDH10B_RS13085,BW25113_RS12570,b2410
DR76_RS01650,ECDH10B_RS13090,BW25113_RS12575,b4546
DR76_RS01695,ECDH10B_RS13135,BW25113_RS12620,b2419
DR76_RS01715,ECDH10B_RS13160,BW25113_RS12645,b2424
DR76_RS01745,ECDH10B_RS13200,BW25113_RS12685,b2432
DR76_RS01750,ECDH10B_RS13205,BW25113_RS12690,b2433
DR76_RS01755,ECDH10B_RS13210,BW25113_RS12695,b2434
DR76_RS01815,ECDH10B_RS13315,BW25113_RS12800,b2455
DR76_RS01860,ECDH10B_RS13360,BW25113_RS12845,b2464
DR76_RS01865,ECDH10B_RS13365,BW25113_RS12850,b2465
DR76_RS01870,ECDH10B_RS13370,BW25113_RS12855,b2466
DR76_RS01900,ECDH10B_RS13400,BW25113_RS12885,b2471
DR76_RS01925,ECDH10B_RS13425,BW25113_RS12910,b2475
DR76_RS01960,ECDH10B_RS13520,BW25113_RS13005,b2493
DR76_RS02000,ECDH10B_RS13560,BW25113_RS13045,b2501
DR76_RS02025,ECDH10B_RS13585,BW25113_RS13070,b2505
DR76_RS02030,ECDH10B_RS13590,BW25113_RS13075,b2506
DR76_RS02065,ECDH10B_RS13610,BW25113_RS13095,b2510
DR76_RS02100,ECDH10B_RS13645,BW25113_RS13130,b2517
DR76_RS02185,ECDH10B_RS13730,BW25113_RS13215,b2534
DR76_RS02195,ECDH10B_RS13740,BW25113_RS13225,b2536
DR76_RS02200,ECDH10B_RS13775,BW25113_RS13260,b2543
DR76_RS02205,ECDH10B_RS13780,BW25113_RS13265,b2544
DR76_RS02210,ECDH10B_RS13785,BW25113_RS13270,b2545
DR76_RS02215,ECDH10B_RS13790,BW25113_RS13275,b2546
DR76_RS02220,ECDH10B_RS13795,BW25113_RS13280,b2547
DR76_RS02225,ECDH10B_RS13800,BW25113_RS13285,b2548
DR76_RS02230,ECDH10B_RS13805,BW25113_RS13290,b2549
DR76_RS02235,ECDH10B_RS13810,BW25113_RS13295,b2550
DR76_RS02245,ECDH10B_RS13820,BW25113_RS13305,b2552
DR76_RS02260,ECDH10B_RS13835,BW25113_RS13320,b2555
DR76_RS02265,ECDH10B_RS13840,BW25113_RS13325,b2556
DR76_RS02285,ECDH10B_RS13860,BW25113_RS13345,b2560
DR76_RS02290,ECDH10B_RS13865,BW25113_RS13350,b2561
DR76_RS02375,ECDH10B_RS13955,BW25113_RS13440,b2575
DR76_RS02385,ECDH10B_RS13970,BW25113_RS13455,b2577
DR76_RS02425,ECDH10B_RS14010,BW25113_RS13495,b2584
DR76_RS02480,ECDH10B_RS21155,BW25113_RS20570,b3964
DR76_RS02545,ECDH10B_RS21105,BW25113_RS20520,b3955
DR76_RS02550,ECDH10B_RS21100,BW25113_RS20515,b3954
DR76_RS02555,ECDH10B_RS21095,BW25113_RS20510,b3953
DR76_RS02560,ECDH10B_RS21090,BW25113_RS20505,b3952
DR76_RS02565,ECDH10B_RS21085,BW25113_RS20500,b3951
DR76_RS02570,ECDH10B_RS21080,BW25113_RS20495,b3950
DR76_RS02575,ECDH10B_RS21075,BW25113_RS20490,b3949
DR76_RS02585,ECDH10B_RS21065,BW25113_RS20480,b3946
DR76_RS02600,ECDH10B_RS21050,BW25113_RS20465,b3944
DR76_RS02660,ECDH10B_RS21010,BW25113_RS20425,b3937
DR76_RS02735,ECDH10B_RS20935,BW25113_RS20350,b3922
DR76_RS02740,ECDH10B_RS20930,BW25113_RS20345,b3921
DR76_RS02745,ECDH10B_RS20925,BW25113_RS20340,b3920
DR76_RS02985,ECDH10B_RS20675,BW25113_RS20105,b3874
DR76_RS02990,ECDH10B_RS20670,BW25113_RS20100,b3873
DR76_RS02995,ECDH10B_RS20665,BW25113_RS20095,b3872
DR76_RS03000,ECDH10B_RS20660,BW25113_RS20090,b3871
DR76_RS03025,ECDH10B_RS20635,BW25113_RS20065,b4686
DR76_RS03040,ECDH10B_RS20620,BW25113_RS20050,b3865
DR76_RS03075,ECDH10B_RS20585,BW25113_RS20015,b3858
DR76_RS03120,ECDH10B_RS20535,BW25113_RS19965,b3848
DR76_RS03365,ECDH10B_RS20405,BW25113_RS19835,b3820
DR76_RS03395,ECDH10B_RS20375,BW25113_RS19805,b4482
DR76_RS03420,ECDH10B_RS20355,BW25113_RS19785,b3810
DR76_RS03430,ECDH10B_RS20345,BW25113_RS19775,b4558
DR76_RS03480,ECDH10B_RS20305,BW25113_RS19735,b3800
DR76_RS03505,ECDH10B_RS20280,BW25113_RS19710,b3795
DR76_RS03510,ECDH10B_RS20275,BW25113_RS19705,b3794
DR76_RS03520,ECDH10B_RS20265,BW25113_RS19695,b4481
DR76_RS03530,ECDH10B_RS20255,BW25113_RS19685,b3791
DR76_RS03535,ECDH10B_RS20250,BW25113_RS19680,b3790
DR76_RS03540,ECDH10B_RS20245,BW25113_RS19675,b3789
DR76_RS03920,ECDH10B_RS19840,BW25113_RS19285,b3709
DR76_RS03960,ECDH10B_RS19800,BW25113_RS19245,b3702
DR76_RS03985,ECDH10B_RS19775,BW25113_RS19220,b3698
DR76_RS04065,ECDH10B_RS19680,BW25113_RS19125,b3679
DR76_RS04070,ECDH10B_RS19675,BW25113_RS19120,b3678
DR76_RS04075,ECDH10B_RS19665,BW25113_RS19110,b3676
DR76_RS04080,ECDH10B_RS19660,BW25113_RS19105,b3675
DR76_RS04085,ECDH10B_RS19655,BW25113_RS19100,b3674
DR76_RS04140,ECDH10B_RS19595,BW25113_RS19040,b3665
DR76_RS04150,ECDH10B_RS19585,BW25113_RS19030,b3663
DR76_RS04160,ECDH10B_RS19575,BW25113_RS19020,b4555
DR76_RS04300,ECDH10B_RS19540,BW25113_RS18985,b3657
DR76_RS04350,ECDH10B_RS19530,BW25113_RS18975,b3655
DR76_RS04435,ECDH10B_RS19445,BW25113_RS18890,b3638
DR76_RS04520,ECDH10B_RS19350,BW25113_RS18795,b3619
DR76_RS04535,ECDH10B_RS19330,BW25113_RS18775,b3615
DR76_RS04540,ECDH10B_RS19325,BW25113_RS18770,b3614
DR76_RS04550,ECDH10B_RS19315,BW25113_RS18760,b3612
DR76_RS04555,ECDH10B_RS19310,BW25113_RS18755,b3611
DR76_RS04610,ECDH10B_RS19265,BW25113_RS18710,b3602
DR76_RS04615,ECDH10B_RS19260,BW25113_RS18705,b4554
DR76_RS04635,ECDH10B_RS19240,BW25113_RS18685,b3598
DR76_RS04640,ECDH10B_RS19235,BW25113_RS18680,b3597
DR76_RS04645,ECDH10B_RS19205,BW25113_RS18650,b3592
DR76_RS04680,ECDH10B_RS19150,BW25113_RS18595,b3582
DR76_RS04690,ECDH10B_RS19140,BW25113_RS18585,b3580
DR76_RS04715,ECDH10B_RS19120,BW25113_RS18565,b3576
DR76_RS04720,ECDH10B_RS19115,BW25113_RS18560,b3575
DR76_RS04730,ECDH10B_RS19105,BW25113_RS18550,b3573
DR76_RS04750,ECDH10B_RS19085,BW25113_RS18530,b3570
DR76_RS04790,ECDH10B_RS19045,BW25113_RS18490,b3562
DR76_RS04800,ECDH10B_RS19035,BW25113_RS18480,b4553
DR76_RS04915,ECDH10B_RS18910,BW25113_RS18355,b3539
DR76_RS04950,ECDH10B_RS18880,BW25113_RS18325,b3535
DR76_RS04980,ECDH10B_RS18850,BW25113_RS18295,b3529
DR76_RS04990,ECDH10B_RS18840,BW25113_RS18285,b3527
DR76_RS05010,ECDH10B_RS18820,BW25113_RS18265,b3524
DR76_RS05015,ECDH10B_RS18815,BW25113_RS18260,b3523
DR76_RS05030,ECDH10B_RS18800,BW25113_RS18245,b3520
DR76_RS05040,ECDH10B_RS18790,BW25113_RS18235,b3518
DR76_RS05045,ECDH10B_RS18785,BW25113_RS18230,b3517
DR76_RS05060,ECDH10B_RS18770,BW25113_RS18215,b3514
DR76_RS05095,ECDH10B_RS18735,BW25113_RS18180,b3508
DR76_RS05145,ECDH10B_RS18730,BW25113_RS18175,b3507
DR76_RS05170,ECDH10B_RS18680,BW25113_RS18125,b3500
DR76_RS05210,ECDH10B_RS18640,BW25113_RS18085,b3492
DR76_RS05215,ECDH10B_RS18635,BW25113_RS18080,b3491
DR76_RS05220,ECDH10B_RS18610,BW25113_RS18055,b3487
DR76_RS05310,ECDH10B_RS18535,BW25113_RS17980,b3473
DR76_RS05320,ECDH10B_RS18525,BW25113_RS17970,b3471
DR76_RS05335,ECDH10B_RS18510,BW25113_RS17955,b3468
DR76_RS05340,ECDH10B_RS18505,BW25113_RS17950,b3467
DR76_RS05345,ECDH10B_RS18500,BW25113_RS17945,b3466
DR76_RS05385,ECDH10B_RS18460,BW25113_RS17905,b3459
DR76_RS05445,ECDH10B_RS18400,BW25113_RS17845,b3448
DR76_RS05455,ECDH10B_RS18390,BW25113_RS17835,b3446
DR76_RS05465,ECDH10B_RS18375,BW25113_RS17820,b3442
DR76_RS05470,ECDH10B_RS18370,BW25113_RS17815,b3441
DR76_RS05480,ECDH10B_RS18365,BW25113_RS17810,b3440
DR76_RS05690,ECDH10B_RS18210,BW25113_RS17655,b3407
DR76_RS05730,ECDH10B_RS18180,BW25113_RS17625,b3402
DR76_RS05750,ECDH10B_RS18160,BW25113_RS17605,b3398
DR76_RS05940,ECDH10B_RS17945,BW25113_RS17390,b3355
DR76_RS05945,ECDH10B_RS17940,BW25113_RS17385,b3354
DR76_RS05950,ECDH10B_RS17935,BW25113_RS17380,b3353
DR76_RS05955,ECDH10B_RS17930,BW25113_RS17375,b3352
DR76_RS05970,ECDH10B_RS17915,BW25113_RS17360,b4551
DR76_RS05980,ECDH10B_RS17905,BW25113_RS17350,b3348
DR76_RS05990,ECDH10B_RS17895,BW25113_RS17340,b3346
DR76_RS06225,ECDH10B_RS17655,BW25113_RS17105,b3299
DR76_RS06255,ECDH10B_RS17625,BW25113_RS17075,b3293
DR76_RS06350,ECDH10B_RS17515,BW25113_RS16965,b3271
DR76_RS06355,ECDH10B_RS17510,BW25113_RS16960,b3270
DR76_RS06360,ECDH10B_RS17505,BW25113_RS16955,b3269
DR76_RS06375,ECDH10B_RS17490,BW25113_RS16940,b3267
DR76_RS06395,ECDH10B_RS17475,BW25113_RS16925,b3264
DR76_RS06400,ECDH10B_RS17470,BW25113_RS16920,b3263
DR76_RS06500,ECDH10B_RS17410,BW25113_RS16860,b3253
DR76_RS06540,ECDH10B_RS17370,BW25113_RS16820,b4472
DR76_RS06555,ECDH10B_RS17355,BW25113_RS16805,b3242
DR76_RS06570,ECDH10B_RS17340,BW25113_RS16790,b3239
DR76_RS06600,ECDH10B_RS17310,BW25113_RS16760,b3233
DR76_RS06645,ECDH10B_RS17260,BW25113_RS16710,b3223
DR76_RS06655,ECDH10B_RS17250,BW25113_RS16700,b3221
DR76_RS06695,ECDH10B_RS17170,BW25113_RS16615,b3206
DR76_RS06745,ECDH10B_RS17120,BW25113_RS16565,b3196
DR76_RS06795,ECDH10B_RS17070,BW25113_RS16515,b3186
DR76_RS06805,ECDH10B_RS17060,BW25113_RS16505,b3184
DR76_RS06810,ECDH10B_RS17055,BW25113_RS16500,b3183
DR76_RS06860,ECDH10B_RS17005,BW25113_RS16450,b3173
DR76_RS06930,ECDH10B_RS16935,BW25113_RS16380,b3160
DR76_RS06935,ECDH10B_RS16930,BW25113_RS16375,b3159
DR76_RS06940,ECDH10B_RS16925,BW25113_RS16370,b3158
DR76_RS06945,ECDH10B_RS16920,BW25113_RS16365,b3157
DR76_RS06950,ECDH10B_RS16915,BW25113_RS16360,b3156
DR76_RS06960,ECDH10B_RS16905,BW25113_RS16350,b3154
DR76_RS06965,ECDH10B_RS16895,BW25113_RS16340,b3152
DR76_RS06970,ECDH10B_RS16890,BW25113_RS16335,b3151
DR76_RS06985,ECDH10B_RS16875,BW25113_RS16320,b3148
DR76_RS07000,ECDH10B_RS16840,BW25113_RS16285,b3141
DR76_RS07025,ECDH10B_RS16815,BW25113_RS16260,b3136
DR76_RS07130,ECDH10B_RS16710,BW25113_RS16155,b3113
DR76_RS07145,ECDH10B_RS16695,BW25113_RS16140,b4470
DR76_RS07150,ECDH10B_RS16690,BW25113_RS16135,b3107
DR76_RS07155,ECDH10B_RS16685,BW25113_RS16130,b3106
DR76_RS07175,ECDH10B_RS16660,BW25113_RS16105,b3101
DR76_RS07230,ECDH10B_RS16605,BW25113_RS16050,b3090
DR76_RS07245,ECDH10B_RS16590,BW25113_RS16035,b3087
DR76_RS07250,ECDH10B_RS16585,BW25113_RS16030,b3086
DR76_RS07255,ECDH10B_RS16580,BW25113_RS16025,b3085
DR76_RS07290,ECDH10B_RS16540,BW25113_RS15985,b3078
DR76_RS07295,ECDH10B_RS16535,BW25113_RS15980,b3077
DR76_RS07310,ECDH10B_RS16520,BW25113_RS15965,b3074
DR76_RS07315,ECDH10B_RS16515,BW25113_RS15960,b3073
DR76_RS07325,ECDH10B_RS16505,BW25113_RS15950,b3071
DR76_RS07330,ECDH10B_RS16500,BW25113_RS15945,b3070
DR76_RS07345,ECDH10B_RS16485,BW25113_RS15930,b3067
DR76_RS07395,ECDH10B_RS16435,BW25113_RS15880,b3057
DR76_RS07405,ECDH10B_RS16425,BW25113_RS15870,b3055
DR76_RS07445,ECDH10B_RS16390,BW25113_RS15835,b3051
DR76_RS07450,ECDH10B_RS16385,BW25113_RS15830,b3050
DR76_RS07520,ECDH10B_RS16320,BW25113_RS15765,b3038
DR76_RS07525,ECDH10B_RS16315,BW25113_RS15760,b3037
DR76_RS07545,ECDH10B_RS16295,BW25113_RS15740,b3033
DR76_RS07595,ECDH10B_RS16275,BW25113_RS15720,b3029
DR76_RS07615,ECDH10B_RS16265,BW25113_RS15710,b3027
DR76_RS07635,ECDH10B_RS16245,BW25113_RS15690,b3023
DR76_RS07640,ECDH10B_RS16230,BW25113_RS15675,b3020
DR76_RS07695,ECDH10B_RS16210,BW25113_RS15655,b4469
DR76_RS07730,ECDH10B_RS16175,BW25113_RS15620,b3009
DR76_RS07760,ECDH10B_RS16145,BW25113_RS15590,b3002
DR76_RS07775,ECDH10B_RS16130,BW25113_RS15575,b2998
DR76_RS07805,ECDH10B_RS16100,BW25113_RS15545,b2993
DR76_RS07840,ECDH10B_RS16065,BW25113_RS15510,b2986
DR76_RS07845,ECDH10B_RS16060,BW25113_RS15505,b2985
DR76_RS07850,ECDH10B_RS16055,BW25113_RS15500,b2984
DR76_RS07940,ECDH10B_RS22815,BW25113_RS22210,b4278
DR76_RS08665,ECDH10B_RS15920,BW25113_RS15385,b2962
DR76_RS08680,ECDH10B_RS15905,BW25113_RS15370,b2959
DR76_RS08690,ECDH10B_RS15895,BW25113_RS15360,b2958
DR76_RS08700,ECDH10B_RS15885,BW25113_RS15350,b2956
DR76_RS08715,ECDH10B_RS15870,BW25113_RS15335,b2953
DR76_RS08735,ECDH10B_RS15850,BW25113_RS15315,b2949
DR76_RS08740,ECDH10B_RS15845,BW25113_RS15310,b2948
DR76_RS08760,ECDH10B_RS15825,BW25113_RS15290,b2944
DR76_RS08810,ECDH10B_RS15780,BW25113_RS15245,b2935
DR76_RS08830,ECDH10B_RS15755,BW25113_RS15230,b4465
DR76_RS08845,ECDH10B_RS15740,BW25113_RS15215,b2928
DR76_RS08900,ECDH10B_RS15710,BW25113_RS15185,b2922
DR76_RS08905,ECDH10B_RS15705,BW25113_RS15180,b2921
DR76_RS08910,ECDH10B_RS15685,BW25113_RS15160,b2917
DR76_RS08910,ECDH10B_RS15700,BW25113_RS15175,b2920
DR76_RS08985,ECDH10B_RS15605,BW25113_RS15080,b2900
DR76_RS08990,ECDH10B_RS15600,BW25113_RS15075,b2899
DR76_RS09005,ECDH10B_RS15585,BW25113_RS15060,b2896
DR76_RS09165,ECDH10B_RS15425,BW25113_RS14900,b2865
DR76_RS09175,ECDH10B_RS15325,BW25113_RS14800,b2845
DR76_RS09180,ECDH10B_RS15320,BW25113_RS14795,b2844
DR76_RS09230,ECDH10B_RS15270,BW25113_RS14745,b2834
DR76_RS09240,ECDH10B_RS15260,BW25113_RS14735,b2832
DR76_RS09280,ECDH10B_RS15220,BW25113_RS14695,b2826
DR76_RS09285,ECDH10B_RS15215,BW25113_RS14690,b2825
DR76_RS09290,ECDH10B_RS15210,BW25113_RS14685,b2824
DR76_RS09295,ECDH10B_RS15205,BW25113_RS14680,b2823
DR76_RS09500,ECDH10B_RS15135,BW25113_RS14610,b2809
DR76_RS09510,ECDH10B_RS15125,BW25113_RS14600,b2807
DR76_RS09555,ECDH10B_RS15080,BW25113_RS14555,b2798
DR76_RS09590,ECDH10B_RS15045,BW25113_RS14520,b2792
DR76_RS09600,ECDH10B_RS15035,BW25113_RS14510,b2790
DR76_RS09610,ECDH10B_RS15025,BW25113_RS14500,b2788
DR76_RS09630,ECDH10B_RS14990,BW25113_RS14480,b2784
DR76_RS09630,ECDH10B_RS15005,BW25113_RS14480,b2784
DR76_RS09680,ECDH10B_RS14945,BW25113_RS14435,b2776
DR76_RS09685,ECDH10B_RS14940,BW25113_RS14430,b2775
DR76_RS09695,ECDH10B_RS14930,BW25113_RS14420,b4463
DR76_RS09705,ECDH10B_RS14920,BW25113_RS14410,b2770
DR76_RS09710,ECDH10B_RS14915,BW25113_RS14405,b2769
DR76_RS09715,ECDH10B_RS14910,BW25113_RS14400,b2768
DR76_RS09725,ECDH10B_RS14900,BW25113_RS14390,b2766
DR76_RS09775,ECDH10B_RS14815,BW25113_RS14305,b2749
DR76_RS09830,ECDH10B_RS14770,BW25113_RS14260,b2740
DR76_RS09835,ECDH10B_RS14765,BW25113_RS14255,b2739
DR76_RS09840,ECDH10B_RS14760,BW25113_RS14250,b2738
DR76_RS09850,ECDH10B_RS14750,BW25113_RS14240,b2736
DR76_RS09855,ECDH10B_RS14745,BW25113_RS14235,b2735
DR76_RS09870,ECDH10B_RS14730,BW25113_RS14220,b2732
DR76_RS10065,ECDH10B_RS14545,BW25113_RS14035,b2697
DR76_RS10110,ECDH10B_RS14505,BW25113_RS13990,b2689
DR76_RS10145,ECDH10B_RS14480,BW25113_RS13965,b2684
DR76_RS10210,ECDH10B_RS14420,BW25113_RS13910,b2672
DR76_RS10215,ECDH10B_RS14415,BW25113_RS13905,b2671
DR76_RS10235,ECDH10B_RS14395,BW25113_RS13885,b2667
DR76_RS10240,ECDH10B_RS14390,BW25113_RS13880,b2666
DR76_RS10250,ECDH10B_RS14380,BW25113_RS13870,b2664
DR76_RS10270,ECDH10B_RS14360,BW25113_RS13850,b2660
DR76_RS10275,ECDH10B_RS14355,BW25113_RS13845,b2659
DR76_RS10290,ECDH10B_RS14180,BW25113_RS13665,b2618
DR76_RS10315,ECDH10B_RS14150,BW25113_RS13635,b4461
DR76_RS10320,ECDH10B_RS14145,BW25113_RS13630,b2611
DR76_RS10350,ECDH10B_RS14115,BW25113_RS13600,b2605
DR76_RS10360,ECDH10B_RS14105,BW25113_RS13590,b2603
DR76_RS10365,ECDH10B_RS14100,BW25113_RS13585,b2602
DR76_RS10405,ECDH10B_RS14060,BW25113_RS13545,b2593
DR76_RS10440,ECDH10B_RS21200,BW25113_RS20615,b3973
DR76_RS10635,ECDH10B_RS21410,BW25113_RS20815,b4012
DR76_RS10640,ECDH10B_RS21415,BW25113_RS20820,b4013
DR76_RS10680,ECDH10B_RS21450,BW25113_RS20855,b4020
DR76_RS10755,ECDH10B_RS21485,BW25113_RS20890,b4027
DR76_RS10760,ECDH10B_RS21490,BW25113_RS20895,b4028
DR76_RS10765,ECDH10B_RS21495,BW25113_RS20900,b4029
DR76_RS10850,ECDH10B_RS21595,BW25113_RS21005,b4045
DR76_RS10870,ECDH10B_RS21625,BW25113_RS21035,b4051
DR76_RS10980,ECDH10B_RS21655,BW25113_RS21065,b4056
DR76_RS10985,ECDH10B_RS21660,BW25113_RS21070,b4057
DR76_RS10995,ECDH10B_RS21670,BW25113_RS21080,b4059
DR76_RS11000,ECDH10B_RS21675,BW25113_RS21085,b4060
DR76_RS11025,ECDH10B_RS21700,BW25113_RS21110,b4065
DR76_RS11080,ECDH10B_RS21755,BW25113_RS21155,b4074
DR76_RS11190,ECDH10B_RS21840,BW25113_RS21240,b4089
DR76_RS11215,ECDH10B_RS21865,BW25113_RS21265,b4094
DR76_RS11290,ECDH10B_RS21940,BW25113_RS21340,b4110
DR76_RS11305,ECDH10B_RS21955,BW25113_RS21355,b4112
DR76_RS11380,ECDH10B_RS22035,BW25113_RS21435,b4126
DR76_RS11385,ECDH10B_RS22040,BW25113_RS21440,b4127
DR76_RS11390,ECDH10B_RS22045,BW25113_RS21445,b4128
DR76_RS11435,ECDH10B_RS22085,BW25113_RS21485,b4135
DR76_RS11470,ECDH10B_RS22120,BW25113_RS21520,b4142
DR76_RS11510,ECDH10B_RS22160,BW25113_RS21560,b4148
DR76_RS11520,ECDH10B_RS22170,BW25113_RS21570,b4150
DR76_RS11635,ECDH10B_RS22300,BW25113_RS21700,b4176
DR76_RS11750,ECDH10B_RS22415,BW25113_RS21815,b4199
DR76_RS11765,ECDH10B_RS22430,BW25113_RS21830,b4201
DR76_RS11845,ECDH10B_RS22475,BW25113_RS21875,b4210
DR76_RS11875,ECDH10B_RS22510,BW25113_RS21910,b4217
DR76_RS11880,ECDH10B_RS22515,BW25113_RS21915,b4218
DR76_RS11905,ECDH10B_RS22540,BW25113_RS21940,b4222
DR76_RS11925,ECDH10B_RS22565,BW25113_RS21965,b4485
DR76_RS11930,ECDH10B_RS22580,BW25113_RS21970,b4230
DR76_RS11930,ECDH10B_RS25780,BW25113_RS21970,b4230
DR76_RS11950,ECDH10B_RS22600,BW25113_RS21990,b4234
DR76_RS12050,ECDH10B_RS22695,BW25113_RS22085,b4254
DR76_RS12290,ECDH10B_RS10950,BW25113_RS10445,b2000
DR76_RS12310,ECDH10B_RS14290,BW25113_RS13775,b2643
DR76_RS12315,ECDH10B_RS25580,BW25113_RS25165,b2002
DR76_RS12520,ECDH10B_RS23010,BW25113_RS22405,b4309
DR76_RS12800,ECDH10B_RS23040,BW25113_RS22695,b4359
DR76_RS12805,ECDH10B_RS23045,BW25113_RS22700,b4360
DR76_RS12820,ECDH10B_RS23060,BW25113_RS22715,b4363
DR76_RS12830,ECDH10B_RS23070,BW25113_RS22725,b4365
DR76_RS12905,ECDH10B_RS23140,BW25113_RS22795,b4377
DR76_RS12910,ECDH10B_RS23145,BW25113_RS22800,b4378
DR76_RS12920,ECDH10B_RS23155,BW25113_RS22810,b4380
DR76_RS12990,ECDH10B_RS23225,BW25113_RS22880,b4392
DR76_RS13010,ECDH10B_RS23245,BW25113_RS22900,b4396
DR76_RS13040,ECDH10B_RS23275,BW25113_RS22930,b4402
DR76_RS13045,ECDH10B_RS23280,BW25113_RS22935,b4403
DR76_RS13085,ECDH10B_RS00040,BW25113_RS00040,b0007
DR76_RS13090,ECDH10B_RS00045,BW25113_RS00045,b0008
DR76_RS13165,ECDH10B_RS00115,BW25113_RS00115,b0024
DR76_RS13270,ECDH10B_RS00215,BW25113_RS00215,b0041
DR76_RS13275,ECDH10B_RS00220,BW25113_RS00220,b0042
DR76_RS13280,ECDH10B_RS00225,BW25113_RS00225,b0043
DR76_RS13290,ECDH10B_RS00235,BW25113_RS00235,b0045
DR76_RS13615,ECDH10B_RS00435,BW25113_RS00530,b0107
DR76_RS13690,ECDH10B_RS00480,BW25113_RS00575,b0115
DR76_RS13700,ECDH10B_RS00490,BW25113_RS00585,b0117
DR76_RS13710,ECDH10B_RS00500,BW25113_RS00595,b0119
DR76_RS13725,ECDH10B_RS00515,BW25113_RS00610,b0122
DR76_RS13750,ECDH10B_RS00540,BW25113_RS00635,b0127
DR76_RS13755,ECDH10B_RS00545,BW25113_RS00640,b0128
DR76_RS13760,ECDH10B_RS00550,BW25113_RS00645,b0129
DR76_RS13765,ECDH10B_RS00555,BW25113_RS00650,b0130
DR76_RS13800,ECDH10B_RS00585,BW25113_RS00680,b0136
DR76_RS13810,ECDH10B_RS00595,BW25113_RS00690,b0138
DR76_RS13820,ECDH10B_RS00605,BW25113_RS00700,b0140
DR76_RS13825,ECDH10B_RS00610,BW25113_RS00705,b0141
DR76_RS13840,ECDH10B_RS00625,BW25113_RS00720,b0144
DR76_RS13935,ECDH10B_RS00725,BW25113_RS00820,b0163
DR76_RS14065,ECDH10B_RS00860,BW25113_RS00955,b0190
DR76_RS14090,ECDH10B_RS00875,BW25113_RS00970,b0193
DR76_RS14100,ECDH10B_RS00885,BW25113_RS00980,b0195
DR76_RS14165,ECDH10B_RS00950,BW25113_RS01045,b0208
DR76_RS14170,ECDH10B_RS00955,BW25113_RS01050,b0209
DR76_RS14190,ECDH10B_RS00975,BW25113_RS01070,b0213
DR76_RS14495,ECDH10B_RS01630,BW25113_RS01875,b0363
DR76_RS14545,ECDH10B_RS10895,BW25113_RS10390,b1990
DR76_RS14700,ECDH10B_RS10860,BW25113_RS10355,b1983
DR76_RS14720,ECDH10B_RS10840,BW25113_RS10335,b1978
DR76_RS14725,ECDH10B_RS10840,BW25113_RS10335,b1978
DR76_RS14735,ECDH10B_RS10840,BW25113_RS10335,b1978
DR76_RS14995,ECDH10B_RS10760,BW25113_RS10255,b1963
DR76_RS15020,ECDH10B_RS10735,BW25113_RS10230,b1958
DR76_RS15025,ECDH10B_RS10730,BW25113_RS10225,b1957
DR76_RS15030,ECDH10B_RS10725,BW25113_RS10220,b1956
DR76_RS15035,ECDH10B_RS10720,BW25113_RS10215,b1955
DR76_RS15145,ECDH10B_RS02570,BW25113_RS02810,b0546
DR76_RS15155,ECDH10B_RS10610,BW25113_RS10105,b1931
DR76_RS15170,ECDH10B_RS10595,BW25113_RS10090,b1928
DR76_RS15305,ECDH10B_RS10460,BW25113_RS09955,b4537
DR76_RS15310,ECDH10B_RS10455,BW25113_RS09950,b1902
DR76_RS15415,ECDH10B_RS10345,BW25113_RS09845,b1878
DR76_RS15425,ECDH10B_RS10330,BW25113_RS09830,b1875
DR76_RS15435,ECDH10B_RS10320,BW25113_RS09820,b1873
DR76_RS15455,ECDH10B_RS10300,BW25113_RS09800,b1869
DR76_RS15460,ECDH10B_RS10295,BW25113_RS09795,b1868
DR76_RS15465,ECDH10B_RS10290,BW25113_RS09790,b1867
DR76_RS15480,ECDH10B_RS10275,BW25113_RS09775,b1864
DR76_RS15690,ECDH10B_RS10070,BW25113_RS09570,b4536
DR76_RS15700,ECDH10B_RS10060,BW25113_RS09560,b1825
DR76_RS15710,ECDH10B_RS10050,BW25113_RS09550,b1824
DR76_RS15735,ECDH10B_RS10025,BW25113_RS09525,b1820
DR76_RS15765,ECDH10B_RS09995,BW25113_RS09495,b1815
DR76_RS15775,ECDH10B_RS09985,BW25113_RS09485,b1813
DR76_RS15785,ECDH10B_RS09975,BW25113_RS09475,b1811
DR76_RS15800,ECDH10B_RS09965,BW25113_RS09465,b1809
DR76_RS15805,ECDH10B_RS09960,BW25113_RS09460,b1808
DR76_RS15850,ECDH10B_RS09900,BW25113_RS09400,b1796
DR76_RS15855,ECDH10B_RS09895,BW25113_RS09395,b1795
DR76_RS15890,ECDH10B_RS09860,BW25113_RS09360,b1789
DR76_RS15895,ECDH10B_RS09855,BW25113_RS09355,b1788
DR76_RS15910,ECDH10B_RS09840,BW25113_RS09340,b1785
DR76_RS15915,ECDH10B_RS09835,BW25113_RS09335,b1784
DR76_RS15935,ECDH10B_RS09815,BW25113_RS09315,b1780
DR76_RS15950,ECDH10B_RS09800,BW25113_RS09300,b1777
DR76_RS15955,ECDH10B_RS09795,BW25113_RS09295,b1776
DR76_RS15960,ECDH10B_RS09790,BW25113_RS09290,b1775
DR76_RS15965,ECDH10B_RS09785,BW25113_RS09285,b1774
DR76_RS15970,ECDH10B_RS09780,BW25113_RS09280,b1773
DR76_RS15975,ECDH10B_RS09775,BW25113_RS09275,b1772
DR76_RS15985,ECDH10B_RS09765,BW25113_RS09265,b1770
DR76_RS15990,ECDH10B_RS09760,BW25113_RS09260,b1769
DR76_RS15995,ECDH10B_RS09755,BW25113_RS09255,b1768
DR76_RS16015,ECDH10B_RS09735,BW25113_RS09235,b1765
DR76_RS16055,ECDH10B_RS09705,BW25113_RS09205,b1760
DR76_RS16065,ECDH10B_RS09695,BW25113_RS09195,b1758
DR76_RS16075,ECDH10B_RS09685,BW25113_RS09185,b1756
DR76_RS16080,ECDH10B_RS09680,BW25113_RS09180,b1755
DR76_RS16085,ECDH10B_RS09675,BW25113_RS09175,b1754
DR76_RS16090,ECDH10B_RS09670,BW25113_RS09170,b1753
DR76_RS16095,ECDH10B_RS09665,BW25113_RS09165,b1752
DR76_RS16190,ECDH10B_RS09570,BW25113_RS09070,b1734
DR76_RS16215,ECDH10B_RS09540,BW25113_RS09040,b1728
DR76_RS16225,ECDH10B_RS09530,BW25113_RS09030,b1726
DR76_RS16230,ECDH10B_RS09525,BW25113_RS09025,b1725
DR76_RS16235,ECDH10B_RS09520,BW25113_RS09020,b1724
DR76_RS16245,ECDH10B_RS09510,BW25113_RS09010,b1722
DR76_RS16250,ECDH10B_RS09505,BW25113_RS09005,b4535
DR76_RS16270,ECDH10B_RS09485,BW25113_RS08985,b1717
DR76_RS16315,ECDH10B_RS09440,BW25113_RS08940,b1708
DR76_RS16325,ECDH10B_RS09430,BW25113_RS08930,b1706
DR76_RS16360,ECDH10B_RS09395,BW25113_RS08895,b1700
DR76_RS16365,ECDH10B_RS09390,BW25113_RS08890,b1699
DR76_RS16370,ECDH10B_RS09385,BW25113_RS08885,b1698
DR76_RS16375,ECDH10B_RS09380,BW25113_RS08880,b1697
DR76_RS16385,ECDH10B_RS09370,BW25113_RS08870,b1696
DR76_RS16390,ECDH10B_RS09365,BW25113_RS08865,b1695
DR76_RS16395,ECDH10B_RS09360,BW25113_RS08860,b1694
DR76_RS16410,ECDH10B_RS09345,BW25113_RS08845,b1691
DR76_RS16415,ECDH10B_RS09340,BW25113_RS08840,b1690
DR76_RS16430,ECDH10B_RS09325,BW25113_RS08825,b1687
DR76_RS16475,ECDH10B_RS09280,BW25113_RS08780,b1678
DR76_RS16495,ECDH10B_RS09260,BW25113_RS08760,b1674
DR76_RS16500,ECDH10B_RS09255,BW25113_RS08755,b1673
DR76_RS16505,ECDH10B_RS09250,BW25113_RS08750,b1672
DR76_RS16510,ECDH10B_RS09245,BW25113_RS08745,b1671
DR76_RS16515,ECDH10B_RS09240,BW25113_RS08740,b1670
DR76_RS16520,ECDH10B_RS09235,BW25113_RS08735,b1669
DR76_RS16525,ECDH10B_RS09230,BW25113_RS08730,b1668
DR76_RS16530,ECDH10B_RS09225,BW25113_RS08725,b1667
DR76_RS16545,ECDH10B_RS09210,BW25113_RS08710,b1664
DR76_RS16555,ECDH10B_RS09200,BW25113_RS08700,b1662
DR76_RS16565,ECDH10B_RS09190,BW25113_RS08690,b1660
DR76_RS16570,ECDH10B_RS09185,BW25113_RS08685,b1659
DR76_RS16585,ECDH10B_RS09170,BW25113_RS08670,b1657
DR76_RS16630,ECDH10B_RS09125,BW25113_RS08625,b1648
DR76_RS16635,ECDH10B_RS09120,BW25113_RS08620,b1647
DR76_RS16645,ECDH10B_RS09110,BW25113_RS08610,b1645
DR76_RS16650,ECDH10B_RS09105,BW25113_RS08605,b1644
DR76_RS16655,ECDH10B_RS09100,BW25113_RS08600,b1643
DR76_RS16730,ECDH10B_RS09025,BW25113_RS08525,b1629
DR76_RS16760,ECDH10B_RS09000,BW25113_RS08495,b1624
DR76_RS16810,ECDH10B_RS08950,BW25113_RS08445,b1614
DR76_RS16845,ECDH10B_RS08915,BW25113_RS08410,b1607
DR76_RS16855,ECDH10B_RS08905,BW25113_RS08400,b1605
DR76_RS16860,ECDH10B_RS08900,BW25113_RS08395,b1604
DR76_RS16890,ECDH10B_RS08870,BW25113_RS08365,b1598
DR76_RS16905,ECDH10B_RS08855,BW25113_RS08350,b1596
DR76_RS16910,ECDH10B_RS08850,BW25113_RS08345,b1595
DR76_RS16920,ECDH10B_RS08840,BW25113_RS08335,b1593
DR76_RS16935,ECDH10B_RS08825,BW25113_RS08320,b1590
DR76_RS16945,ECDH10B_RS08815,BW25113_RS08310,b1588
DR76_RS16950,ECDH10B_RS08810,BW25113_RS08305,b1587
DR76_RS16955,ECDH10B_RS08805,BW25113_RS08300,b1586
DR76_RS16960,ECDH10B_RS08800,BW25113_RS08295,b1585
DR76_RS16970,ECDH10B_RS08790,BW25113_RS08285,b1583
DR76_RS16975,ECDH10B_RS08785,BW25113_RS08280,b1582
DR76_RS16985,ECDH10B_RS08775,BW25113_RS08270,b1580
DR76_RS17265,ECDH10B_RS07700,BW25113_RS07210,b1374
DR76_RS17480,ECDH10B_RS25985,BW25113_RS07885,b1504
DR76_RS17485,ECDH10B_RS08375,BW25113_RS07880,b1503
DR76_RS17490,ECDH10B_RS08370,BW25113_RS07875,b1502
DR76_RS17510,ECDH10B_RS08350,BW25113_RS07855,b1498
DR76_RS17515,ECDH10B_RS08345,BW25113_RS07850,b1497
DR76_RS17520,ECDH10B_RS08340,BW25113_RS07845,b1496
DR76_RS17525,ECDH10B_RS08335,BW25113_RS07840,b1495
DR76_RS17530,ECDH10B_RS08330,BW25113_RS07835,b1494
DR76_RS17540,ECDH10B_RS08320,BW25113_RS07825,b1493
DR76_RS17550,ECDH10B_RS08310,BW25113_RS07815,b1491
DR76_RS17650,ECDH10B_RS08175,BW25113_RS07680,b1464
DR76_RS17660,ECDH10B_RS08165,BW25113_RS07670,b1462
DR76_RS17750,ECDH10B_RS08120,BW25113_RS07625,b1452
DR76_RS17815,ECDH10B_RS08050,BW25113_RS07555,b1439
DR76_RS17825,ECDH10B_RS08035,BW25113_RS07540,b1436
DR76_RS17845,ECDH10B_RS08000,BW25113_RS07505,b1431
DR76_RS17860,ECDH10B_RS07985,BW25113_RS07490,b1428
DR76_RS17870,ECDH10B_RS07975,BW25113_RS07480,b1426
DR76_RS17880,ECDH10B_RS07965,BW25113_RS07470,b1424
DR76_RS17885,ECDH10B_RS07960,BW25113_RS07465,b1423
DR76_RS17905,ECDH10B_RS07940,BW25113_RS07445,b1419
DR76_RS17925,ECDH10B_RS07910,BW25113_RS07415,b1414
DR76_RS17945,ECDH10B_RS07890,BW25113_RS07395,b1410
DR76_RS17950,ECDH10B_RS07885,BW25113_RS07390,b1409
DR76_RS17955,ECDH10B_RS07880,BW25113_RS07385,b1408
DR76_RS17975,ECDH10B_RS07750,BW25113_RS07255,b1382
DR76_RS17980,ECDH10B_RS07745,BW25113_RS07250,b1381
DR76_RS17995,ECDH10B_RS07730,BW25113_RS07235,b4529
DR76_RS18000,ECDH10B_RS07725,BW25113_RS07230,b1378
DR76_RS18100,ECDH10B_RS07475,BW25113_RS06985,b1332
DR76_RS18125,ECDH10B_RS07445,BW25113_RS06955,b1327
DR76_RS18480,ECDH10B_RS07085,BW25113_RS06585,b1263
DR76_RS18485,ECDH10B_RS07080,BW25113_RS06580,b1262
DR76_RS18505,ECDH10B_RS07055,BW25113_RS06555,b1257
DR76_RS18515,ECDH10B_RS07045,BW25113_RS06545,b1255
DR76_RS18520,ECDH10B_RS07040,BW25113_RS06540,b1254
DR76_RS18535,ECDH10B_RS07025,BW25113_RS06525,b1251
DR76_RS18545,ECDH10B_RS25930,BW25113_RS06515,b4595
DR76_RS18550,ECDH10B_RS06725,BW25113_RS06510,b1249
DR76_RS18555,ECDH10B_RS06720,BW25113_RS06505,b1248
DR76_RS18625,ECDH10B_RS06640,BW25113_RS06430,b1233
DR76_RS18755,ECDH10B_RS06530,BW25113_RS06320,b1214
DR76_RS18760,ECDH10B_RS06525,BW25113_RS06315,b1213
DR76_RS18880,ECDH10B_RS06425,BW25113_RS06215,b1194
DR76_RS18895,ECDH10B_RS06410,BW25113_RS06200,b1191
DR76_RS18910,ECDH10B_RS06395,BW25113_RS06185,b1188
DR76_RS18940,ECDH10B_RS06365,BW25113_RS06155,b1182
DR76_RS18945,ECDH10B_RS06360,BW25113_RS06150,b1181
DR76_RS18950,ECDH10B_RS06355,BW25113_RS06145,b1180
DR76_RS18955,ECDH10B_RS06350,BW25113_RS06140,b1179
DR76_RS18960,ECDH10B_RS06340,BW25113_RS06130,b1178
DR76_RS18965,ECDH10B_RS06335,BW25113_RS06125,b1177
DR76_RS18990,ECDH10B_RS06310,BW25113_RS06100,b4593
DR76_RS18995,ECDH10B_RS06305,BW25113_RS06095,b1172
DR76_RS19000,ECDH10B_RS06300,BW25113_RS06090,b1171
DR76_RS19025,ECDH10B_RS06285,BW25113_RS06070,b4520
DR76_RS19030,ECDH10B_RS06280,BW25113_RS06065,b1168
DR76_RS19035,ECDH10B_RS06275,BW25113_RS06060,b1167
DR76_RS19045,ECDH10B_RS06265,BW25113_RS06050,b1165
DR76_RS19050,ECDH10B_RS06260,BW25113_RS06045,b1164
DR76_RS19065,ECDH10B_RS06245,BW25113_RS06030,b1161
DR76_RS19275,ECDH10B_RS02595,BW25113_RS02835,b4509
DR76_RS19955,ECDH10B_RS06150,BW25113_RS05830,b1121
DR76_RS19985,ECDH10B_RS06120,BW25113_RS05800,b1115
DR76_RS20220,ECDH10B_RS05885,BW25113_RS05565,b1068
DR76_RS20225,ECDH10B_RS05880,BW25113_RS05560,b1067
DR76_RS21070,ECDH10B_RS05550,BW25113_RS05245,b1008
DR76_RS21085,ECDH10B_RS05535,BW25113_RS05230,b4518
DR76_RS21100,ECDH10B_RS05520,BW25113_RS05215,b1003
DR76_RS21150,ECDH10B_RS05465,BW25113_RS05160,b0992
DR76_RS21155,ECDH10B_RS05460,BW25113_RS05155,b4517
DR76_RS21195,ECDH10B_RS05375,BW25113_RS05070,b0977
DR76_RS21205,ECDH10B_RS05365,BW25113_RS05060,b0975
DR76_RS21265,ECDH10B_RS05305,BW25113_RS05000,b0964
DR76_RS21280,ECDH10B_RS05290,BW25113_RS04985,b0961
DR76_RS21315,ECDH10B_RS05255,BW25113_RS04950,b0955
DR76_RS21325,ECDH10B_RS05245,BW25113_RS04940,b0953
DR76_RS21345,ECDH10B_RS05225,BW25113_RS04920,b0949
DR76_RS21350,ECDH10B_RS05220,BW25113_RS04915,b0948
DR76_RS21430,ECDH10B_RS05105,BW25113_RS04800,b0926
DR76_RS21435,ECDH10B_RS05100,BW25113_RS04795,b0925
DR76_RS21465,ECDH10B_RS05070,BW25113_RS04765,b0919
DR76_RS21495,ECDH10B_RS05040,BW25113_RS04735,b0913
DR76_RS21530,ECDH10B_RS05005,BW25113_RS04700,b0906
DR76_RS21535,ECDH10B_RS05000,BW25113_RS04695,b0905
DR76_RS21650,ECDH10B_RS04870,BW25113_RS04565,b0879
DR76_RS21660,ECDH10B_RS04860,BW25113_RS04555,b0877
DR76_RS21665,ECDH10B_RS04855,BW25113_RS04550,b0876
DR76_RS21705,ECDH10B_RS04815,BW25113_RS04510,b0869
DR76_RS21710,ECDH10B_RS04810,BW25113_RS04505,b0868
DR76_RS21720,ECDH10B_RS04800,BW25113_RS04495,b0866
DR76_RS21725,ECDH10B_RS04795,BW25113_RS04490,b0865
DR76_RS21735,ECDH10B_RS04785,BW25113_RS04480,b0863
DR76_RS21760,ECDH10B_RS04760,BW25113_RS04455,b0858
DR76_RS21790,ECDH10B_RS04730,BW25113_RS04425,b0853
DR76_RS21805,ECDH10B_RS04715,BW25113_RS04410,b0850
DR76_RS21815,ECDH10B_RS04705,BW25113_RS04400,b0848
DR76_RS21820,ECDH10B_RS04700,BW25113_RS04395,b0847
DR76_RS21930,ECDH10B_RS04590,BW25113_RS04285,b0825
DR76_RS21935,ECDH10B_RS04585,BW25113_RS04280,b0824
DR76_RS21940,ECDH10B_RS04580,BW25113_RS04275,b0823
DR76_RS21950,ECDH10B_RS04565,BW25113_RS04260,b0820
DR76_RS21955,ECDH10B_RS04560,BW25113_RS04255,b0819
DR76_RS21960,ECDH10B_RS04555,BW25113_RS04250,b0818
DR76_RS22035,ECDH10B_RS04485,BW25113_RS04180,b0805
DR76_RS22050,ECDH10B_RS04470,BW25113_RS04165,b0802
DR76_RS22085,ECDH10B_RS04435,BW25113_RS04130,b0795
DR76_RS22090,ECDH10B_RS04430,BW25113_RS04125,b0794
DR76_RS22095,ECDH10B_RS04425,BW25113_RS04120,b0793
DR76_RS22100,ECDH10B_RS04420,BW25113_RS04115,b0792
DR76_RS22105,ECDH10B_RS04415,BW25113_RS04110,b0791
DR76_RS22110,ECDH10B_RS04410,BW25113_RS04105,b0790
DR76_RS22120,ECDH10B_RS04400,BW25113_RS04095,b0788
DR76_RS22125,ECDH10B_RS04395,BW25113_RS04090,b0787
DR76_RS22130,ECDH10B_RS04390,BW25113_RS04085,b0786
DR76_RS22175,ECDH10B_RS04345,BW25113_RS04040,b0778
DR76_RS22205,ECDH10B_RS04320,BW25113_RS04015,b0773
DR76_RS22210,ECDH10B_RS04315,BW25113_RS04010,b0772
DR76_RS22215,ECDH10B_RS04310,BW25113_RS04005,b0771
DR76_RS22220,ECDH10B_RS04305,BW25113_RS04000,b0770
DR76_RS22225,ECDH10B_RS04300,BW25113_RS03995,b0769
DR76_RS22315,ECDH10B_RS04205,BW25113_RS03905,b0753
DR76_RS22320,ECDH10B_RS04200,BW25113_RS03900,b0752
DR76_RS22410,ECDH10B_RS04110,BW25113_RS03810,b4515
DR76_RS22445,ECDH10B_RS04065,BW25113_RS03765,b0727
DR76_RS22495,ECDH10B_RS04000,BW25113_RS03700,b0715
DR76_RS22535,ECDH10B_RS03960,BW25113_RS03660,b0707
DR76_RS22540,ECDH10B_RS03920,BW25113_RS03620,b0699
DR76_RS22565,ECDH10B_RS03895,BW25113_RS03595,b0695
DR76_RS22630,ECDH10B_RS03815,BW25113_RS03515,b0682
DR76_RS22765,ECDH10B_RS03725,BW25113_RS03425,b0660
DR76_RS23295,ECDH10B_RS02435,BW25113_RS02675,b0521
DR76_RS23310,ECDH10B_RS02420,BW25113_RS02660,b0518
DR76_RS23335,ECDH10B_RS02395,BW25113_RS02635,b0513
DR76_RS23345,ECDH10B_RS02385,BW25113_RS02625,b0511
DR76_RS23385,ECDH10B_RS02320,BW25113_RS02560,b0496
DR76_RS23390,ECDH10B_RS02315,BW25113_RS02555,b0495
DR76_RS23420,ECDH10B_RS02285,BW25113_RS02525,b0489
DR76_RS23425,ECDH10B_RS02280,BW25113_RS02520,b0488
DR76_RS23440,ECDH10B_RS02270,BW25113_RS02510,b0486
DR76_RS23445,ECDH10B_RS02265,BW25113_RS02505,b0485
DR76_RS23455,ECDH10B_RS02255,BW25113_RS02495,b0483
DR76_RS23460,ECDH10B_RS02250,BW25113_RS02490,b0482
DR76_RS23480,ECDH10B_RS02230,BW25113_RS02470,b0478
DR76_RS23515,ECDH10B_RS02195,BW25113_RS02435,b0471
DR76_RS23530,ECDH10B_RS02180,BW25113_RS02420,b0468
DR76_RS23540,ECDH10B_RS02170,BW25113_RS02410,b0466
DR76_RS23595,ECDH10B_RS02115,BW25113_RS02355,b0456
DR76_RS23605,ECDH10B_RS02105,BW25113_RS02345,b0453
DR76_RS23625,ECDH10B_RS02085,BW25113_RS02325,b0449
DR76_RS23630,ECDH10B_RS02080,BW25113_RS02320,b0448
DR76_RS23645,ECDH10B_RS02065,BW25113_RS02305,b0445
DR76_RS23660,ECDH10B_RS02050,BW25113_RS02290,b0442
DR76_RS23705,ECDH10B_RS02005,BW25113_RS02245,b0434
DR76_RS23725,ECDH10B_RS01985,BW25113_RS02225,b0430
DR76_RS23730,ECDH10B_RS01980,BW25113_RS02220,b0429
DR76_RS23815,ECDH10B_RS01895,BW25113_RS02135,b0412
DR76_RS23825,ECDH10B_RS01880,BW25113_RS02120,b0410
DR76_RS23920,ECDH10B_RS01785,BW25113_RS02025,b0390
DR76_RS23940,ECDH10B_RS01765,BW25113_RS02005,b0387
DR76_RS23950,ECDH10B_RS01755,BW25113_RS01995,b0385
DR76_RS23980,ECDH10B_RS01720,BW25113_RS01960,b0379
DR76_RS24000,ECDH10B_RS01700,BW25113_RS01940,b0376
DR76_RS24065,ECDH10B_RS01630,BW25113_RS01875,b0363
DR76_RS24090,ECDH10B_RS01590,BW25113_RS01835,b0355
DR76_RS24095,ECDH10B_RS01585,BW25113_RS01830,b0354
DR76_RS24100,ECDH10B_RS06975,BW25113_RS01775,b0345
DR76_RS24190,ECDH10B_RS23570,BW25113_RS01655,b0321
DR76_RS24200,ECDH10B_RS01565,BW25113_RS01645,b0319
DR76_RS24205,ECDH10B_RS01560,BW25113_RS01640,b0318
DR76_RS24210,ECDH10B_RS01555,BW25113_RS01635,b0317
DR76_RS24215,ECDH10B_RS01550,BW25113_RS01630,b0316
DR76_RS24410,ECDH10B_RS01400,BW25113_RS01480,b0288
DR76_RS24415,ECDH10B_RS01395,BW25113_RS01475,b0287
DR76_RS24510,ECDH10B_RS01090,BW25113_RS01185,b0234
DR76_RS24530,ECDH10B_RS01055,BW25113_RS01150,b0227
DR76_RS24535,ECDH10B_RS01040,BW25113_RS01135,b0224
DR76_RS24540,ECDH10B_RS01035,BW25113_RS01130,b0223
DR76_RS24545,ECDH10B_RS01030,BW25113_RS01125,b0222
DR76_RS24920,ECDH10B_RS25580,BW25113_RS25165,b2002
DR76_RS24925,ECDH10B_RS10965,BW25113_RS10460,b2003
DR76_RS24955,ECDH10B_RS10995,BW25113_RS10490,b2007
DR76_RS24960,ECDH10B_RS11000,BW25113_RS10495,b2008
DR76_RS25000,ECDH10B_RS11035,BW25113_RS10530,b2015
DR76_RS25005,ECDH10B_RS11040,BW25113_RS10535,b2016
DR76_RS25055,ECDH10B_RS11090,BW25113_RS10585,b2026
DR76_RS25070,ECDH10B_RS11105,BW25113_RS10600,b2029
DR76_RS25075,ECDH10B_RS11200,BW25113_RS10695,b2048
DR76_RS25145,ECDH10B_RS11195,BW25113_RS10690,b2047
DR76_RS25150,ECDH10B_RS11200,BW25113_RS10695,b2048
DR76_RS25155,ECDH10B_RS11205,BW25113_RS10700,b2049
DR76_RS25215,ECDH10B_RS11265,BW25113_RS10760,b2061
DR76_RS25220,ECDH10B_RS11270,BW25113_RS10765,b2062
DR76_RS25225,ECDH10B_RS11275,BW25113_RS10770,b2063
DR76_RS25245,ECDH10B_RS11295,BW25113_RS10790,b2067
DR76_RS25270,ECDH10B_RS11330,BW25113_RS10825,b2073
DR76_RS25305,ECDH10B_RS11365,BW25113_RS10860,b2080
DR76_RS25330,ECDH10B_RS11370,BW25113_RS10865,b2081
DR76_RS25340,ECDH10B_RS11385,BW25113_RS10880,b2085
DR76_RS25935,ECDH10B_RS07950,BW25113_RS07455,b1421
DR76_RS26280,ECDH10B_RS18900,BW25113_RS23010,b4453
DR76_RS27375,ECDH10B_RS24040,BW25113_RS23720,b1345
DR76_RS27430,ECDH10B_RS23960,BW25113_RS23645,b4594
DR76_RS28295,ECDH10B_RS25695,BW25113_RS25270,b2940
DR76_RS28315,ECDH10B_RS25750,BW25113_RS25330,b4620
DR76_RS28320,ECDH10B_RS22005,BW25113_RS21405,b4121
DR76_RS28345,ECDH10B_RS25805,BW25113_RS25370,b4294
DR76_RS28455,ECDH10B_RS09915,BW25113_RS09415,b1799
DR76_RS13110,ECDH10B_RS00060,BW25113_RS00060,b0011
DR76_RS13115,ECDH10B_RS00065,BW25113_RS00065,b0013
DR76_RS13905,ECDH10B_RS00695,BW25113_RS00790,b0157
DR76_RS13975,ECDH10B_RS00770,BW25113_RS00865,b0173
DR76_RS14045,ECDH10B_RS00840,BW25113_RS00935,b0187
DR76_RS14175,ECDH10B_RS00960,BW25113_RS01055,b0210
DR76_RS24370,ECDH10B_RS01445,BW25113_RS01525,b0296
DR76_RS24310,ECDH10B_RS01480,BW25113_RS01560,b0303
DR76_RS24305,ECDH10B_RS01485,BW25113_RS01565,b0304
DR76_RS24295,ECDH10B_RS01495,BW25113_RS01575,b0306
DR76_RS24290,ECDH10B_RS01500,BW25113_RS01580,b0307
DR76_RS24285,ECDH10B_RS01505,BW25113_RS01585,b0308
DR76_RS24275,ECDH10B_RS01515,BW25113_RS01595,b0310
DR76_RS24195,ECDH10B_RS01570,BW25113_RS01650,b0320
DR76_RS24060,ECDH10B_RS01635,BW25113_RS01880,b0364
DR76_RS28740,ECDH10B_RS25875,BW25113_RS24940,b0380
DR76_RS23740,ECDH10B_RS01970,BW25113_RS02210,b0427
DR76_RS23600,ECDH10B_RS02110,BW25113_RS02350,b0454
DR76_RS23585,ECDH10B_RS02125,BW25113_RS02365,b0458
DR76_RS23380,ECDH10B_RS02350,BW25113_RS02590,b0503
DR76_RS23300,ECDH10B_RS02430,BW25113_RS02670,b0520
DR76_RS23260,ECDH10B_RS02465,BW25113_RS02705,b0527
DR76_RS27830,ECDH10B_RS02515,BW25113_RS02755,b0537
DR76_RS28710,ECDH10B_RS04005,BW25113_RS03705,b0716
DR76_RS22230,ECDH10B_RS04295,BW25113_RS03990,b0768
DR76_RS22165,ECDH10B_RS04355,BW25113_RS04050,b0780
DR76_RS28700,ECDH10B_RS25905,BW25113_RS24995,b0806
DR76_RS21890,ECDH10B_RS04630,BW25113_RS04325,b0833
DR76_RS21885,ECDH10B_RS04635,BW25113_RS04330,b0834
DR76_RS21840,ECDH10B_RS04680,BW25113_RS04375,b0843
DR76_RS21830,ECDH10B_RS04690,BW25113_RS04385,b0845
DR76_RS21750,ECDH10B_RS04770,BW25113_RS04465,b0860
DR76_RS21560,ECDH10B_RS04960,BW25113_RS04655,b0897
DR76_RS21555,ECDH10B_RS04965,BW25113_RS04660,b0898
DR76_RS21255,ECDH10B_RS05315,BW25113_RS05010,b0965
DR76_RS20985,ECDH10B_RS05645,BW25113_RS05340,b1025
DR76_RS20985,ECDH10B_RS05660,BW25113_RS05340,b1025
DR76_RS20395,ECDH10B_RS05710,BW25113_RS05390,b1036
DR76_RS20350,ECDH10B_RS05755,BW25113_RS05435,b1044
DR76_RS20310,ECDH10B_RS05795,BW25113_RS05475,b1050
DR76_RS20305,ECDH10B_RS05800,BW25113_RS05480,b1051
DR76_RS20285,ECDH10B_RS05820,BW25113_RS05500,b1055
DR76_RS20280,ECDH10B_RS05825,BW25113_RS05505,b1056
DR76_RS20275,ECDH10B_RS05830,BW25113_RS05510,b1057
DR76_RS20245,ECDH10B_RS05860,BW25113_RS05540,b1063
DR76_RS20075,ECDH10B_RS06030,BW25113_RS05710,b1097
DR76_RS20070,ECDH10B_RS06035,BW25113_RS05715,b1098
DR76_RS20060,ECDH10B_RS06045,BW25113_RS05725,b1100
DR76_RS20040,ECDH10B_RS06065,BW25113_RS05745,b1104
DR76_RS20020,ECDH10B_RS06085,BW25113_RS05765,b1108
DR76_RS20010,ECDH10B_RS06095,BW25113_RS05775,b1110
DR76_RS19995,ECDH10B_RS06110,BW25113_RS05790,b1113
DR76_RS19950,ECDH10B_RS06155,BW25113_RS05835,b1122
DR76_RS18875,ECDH10B_RS06430,BW25113_RS06220,b1195
DR76_RS18500,ECDH10B_RS07060,BW25113_RS06560,b1258
DR76_RS18465,ECDH10B_RS07100,BW25113_RS06600,b1267
DR76_RS18460,ECDH10B_RS07105,BW25113_RS06605,b1268
DR76_RS18450,ECDH10B_RS07115,BW25113_RS06615,b1270
DR76_RS18445,ECDH10B_RS07120,BW25113_RS06620,b1271
DR76_RS18430,ECDH10B_RS07135,BW25113_RS06635,b1273
DR76_RS18350,ECDH10B_RS07210,BW25113_RS06715,b1284
DR76_RS18325,ECDH10B_RS07235,BW25113_RS06740,b1287
DR76_RS18260,ECDH10B_RS07280,BW25113_RS06790,b1295
DR76_RS18215,ECDH10B_RS07355,BW25113_RS06865,b1310
DR76_RS18210,ECDH10B_RS07360,BW25113_RS06870,b1311
DR76_RS18205,ECDH10B_RS07365,BW25113_RS06875,b1312
DR76_RS18200,ECDH10B_RS07370,BW25113_RS06880,b1313
DR76_RS18195,ECDH10B_RS07375,BW25113_RS06885,b1314
DR76_RS18190,ECDH10B_RS07380,BW25113_RS06890,b1315
DR76_RS18180,ECDH10B_RS07390,BW25113_RS06900,b1317
DR76_RS18165,ECDH10B_RS07405,BW25113_RS06915,b1320
DR76_RS18160,ECDH10B_RS07410,BW25113_RS06920,b1321
DR76_RS18155,ECDH10B_RS07415,BW25113_RS06925,b1322
DR76_RS27295,ECDH10B_RS24065,BW25113_RS23745,b1372
DR76_RS19570,ECDH10B_RS07695,BW25113_RS07205,b1373
DR76_RS17270,ECDH10B_RS08585,BW25113_RS08095,b1375
DR76_RS17970,ECDH10B_RS07755,BW25113_RS07260,b1383
DR76_RS17940,ECDH10B_RS07895,BW25113_RS07400,b1411
DR76_RS17890,ECDH10B_RS07955,BW25113_RS07460,b1422
DR76_RS17810,ECDH10B_RS08055,BW25113_RS07560,b1440
DR76_RS17805,ECDH10B_RS08060,BW25113_RS07565,b1441
DR76_RS17800,ECDH10B_RS08065,BW25113_RS07570,b1442
DR76_RS17795,ECDH10B_RS08070,BW25113_RS07575,b1443
DR76_RS17775,ECDH10B_RS08090,BW25113_RS07595,b1446
DR76_RS17770,ECDH10B_RS08095,BW25113_RS07600,b1447
DR76_RS17765,ECDH10B_RS08100,BW25113_RS07605,b1448
DR76_RS17755,ECDH10B_RS08115,BW25113_RS07620,b1451
DR76_RS17740,ECDH10B_RS08130,BW25113_RS07635,b1454
DR76_RS17735,ECDH10B_RS08130,BW25113_RS07635,b1454
DR76_RS17645,ECDH10B_RS08180,BW25113_RS07685,b1465
DR76_RS17635,ECDH10B_RS08190,BW25113_RS07695,b1467
DR76_RS17595,ECDH10B_RS08240,BW25113_RS07745,b1477
DR76_RS17440,ECDH10B_RS08390,BW25113_RS07900,b1507
DR76_RS17435,ECDH10B_RS08395,BW25113_RS07905,b1508
DR76_RS17430,ECDH10B_RS08450,BW25113_RS07960,b1519
DR76_RS17425,ECDH10B_RS08455,BW25113_RS07965,b1520
DR76_RS17415,ECDH10B_RS08465,BW25113_RS07975,b1521
DR76_RS17410,ECDH10B_RS08470,BW25113_RS07980,b1522
DR76_RS17405,ECDH10B_RS08475,BW25113_RS07985,b1523
DR76_RS17395,ECDH10B_RS08485,BW25113_RS07995,b1525
DR76_RS17390,ECDH10B_RS08490,BW25113_RS08000,b1526
DR76_RS17385,ECDH10B_RS08500,BW25113_RS08010,b1528
DR76_RS17380,ECDH10B_RS08505,BW25113_RS08015,b1529
DR76_RS17375,ECDH10B_RS08510,BW25113_RS08020,b1530
DR76_RS17370,ECDH10B_RS08515,BW25113_RS08025,b1531
DR76_RS17365,ECDH10B_RS08520,BW25113_RS08030,b1532
DR76_RS17330,ECDH10B_RS08525,BW25113_RS08035,b1533
DR76_RS17325,ECDH10B_RS08530,BW25113_RS08040,b1534
DR76_RS17310,ECDH10B_RS08540,BW25113_RS08050,b1535
DR76_RS17300,ECDH10B_RS08555,BW25113_RS08065,b1538
DR76_RS17295,ECDH10B_RS08560,BW25113_RS08070,b1539
DR76_RS17290,ECDH10B_RS08565,BW25113_RS08075,b1540
DR76_RS17285,ECDH10B_RS08570,BW25113_RS08080,b1541
DR76_RS17280,ECDH10B_RS08575,BW25113_RS08085,b1542
DR76_RS19575,ECDH10B_RS08600,BW25113_RS08110,b1547
DR76_RS17130,ECDH10B_RS08615,BW25113_RS08125,b1549
DR76_RS17125,ECDH10B_RS08620,BW25113_RS08130,b1550
DR76_RS17120,ECDH10B_RS08625,BW25113_RS08135,b1551
DR76_RS17115,ECDH10B_RS08630,BW25113_RS08140,b1552
DR76_RS17110,ECDH10B_RS08635,BW25113_RS08145,b1553
DR76_RS17100,ECDH10B_RS08645,BW25113_RS08155,b1555
DR76_RS17095,ECDH10B_RS08650,BW25113_RS08160,b1556
DR76_RS17090,ECDH10B_RS08655,BW25113_RS08165,b1557
DR76_RS17080,ECDH10B_RS08665,BW25113_RS08175,b1559
DR76_RS17075,ECDH10B_RS08670,BW25113_RS08180,b1560
DR76_RS17065,ECDH10B_RS08680,BW25113_RS08190,b1561
DR76_RS19800,ECDH10B_RS08685,BW25113_RS08195,b1562
DR76_RS17030,ECDH10B_RS08710,BW25113_RS08220,b1569
DR76_RS16940,ECDH10B_RS08820,BW25113_RS08315,b1589
DR76_RS16820,ECDH10B_RS08940,BW25113_RS08435,b1612
DR76_RS16750,ECDH10B_RS09005,BW25113_RS08505,b1625
DR76_RS16745,ECDH10B_RS09010,BW25113_RS08510,b1626
DR76_RS16440,ECDH10B_RS09315,BW25113_RS08815,b1685
DR76_RS16420,ECDH10B_RS09335,BW25113_RS08835,b1689
DR76_RS16330,ECDH10B_RS09425,BW25113_RS08925,b1705
DR76_RS16105,ECDH10B_RS09655,BW25113_RS09155,b1750
DR76_RS15905,ECDH10B_RS09845,BW25113_RS09345,b1786
DR76_RS15875,ECDH10B_RS09875,BW25113_RS09375,b1792
DR76_RS15790,ECDH10B_RS09970,BW25113_RS09470,b1810
DR76_RS15715,ECDH10B_RS10045,BW25113_RS09545,b1823
DR76_RS15680,ECDH10B_RS10080,BW25113_RS09580,b1828
DR76_RS15640,ECDH10B_RS10120,BW25113_RS09620,b1836
DR76_RS15635,ECDH10B_RS10125,BW25113_RS09625,b1837
DR76_RS15620,ECDH10B_RS10140,BW25113_RS09640,b1839
DR76_RS15615,ECDH10B_RS10145,BW25113_RS09645,b1840
DR76_RS15600,ECDH10B_RS10160,BW25113_RS09660,b1843
DR76_RS15490,ECDH10B_RS10265,BW25113_RS09765,b1862
DR76_RS15295,ECDH10B_RS10470,BW25113_RS09965,b1904
DR76_RS15285,ECDH10B_RS10480,BW25113_RS09975,b1906
DR76_RS15235,ECDH10B_RS10530,BW25113_RS10025,b1915
DR76_RS15225,ECDH10B_RS10540,BW25113_RS10035,b1917
DR76_RS15000,ECDH10B_RS10755,BW25113_RS10250,b1962
DR76_RS08150,ECDH10B_RS10950,BW25113_RS10445,b2000
DR76_RS20480,ECDH10B_RS10955,BW25113_RS10450,b2001
DR76_RS25290,ECDH10B_RS11350,BW25113_RS10845,b2077
DR76_RS00115,ECDH10B_RS11560,BW25113_RS11055,b2119
DR76_RS00125,ECDH10B_RS11570,BW25113_RS11065,b2121
DR76_RS00140,ECDH10B_RS11585,BW25113_RS11080,b2124
DR76_RS00205,ECDH10B_RS11650,BW25113_RS11145,b2136
DR76_RS00210,ECDH10B_RS11655,BW25113_RS11150,b2137
DR76_RS00230,ECDH10B_RS11675,BW25113_RS11170,b2141
DR76_RS00235,ECDH10B_RS11680,BW25113_RS11175,b2142
DR76_RS00365,ECDH10B_RS11810,BW25113_RS11305,b2166
DR76_RS00420,ECDH10B_RS11865,BW25113_RS11360,b2176
DR76_RS00425,ECDH10B_RS11870,BW25113_RS11365,b2177
DR76_RS00430,ECDH10B_RS11875,BW25113_RS11370,b2178
DR76_RS00435,ECDH10B_RS11880,BW25113_RS11375,b2179
DR76_RS00900,ECDH10B_RS12250,BW25113_RS11745,b2248
DR76_RS00920,ECDH10B_RS12270,BW25113_RS11765,b2252
DR76_RS00940,ECDH10B_RS12290,BW25113_RS11785,b2256
DR76_RS01015,ECDH10B_RS12375,BW25113_RS11865,b2271
DR76_RS01115,ECDH10B_RS12490,BW25113_RS11980,b2294
DR76_RS01255,ECDH10B_RS12635,BW25113_RS12125,b2322
DR76_RS01270,ECDH10B_RS12650,BW25113_RS12140,b2325
DR76_RS01315,ECDH10B_RS12690,BW25113_RS12180,b2333
DR76_RS01510,ECDH10B_RS12945,BW25113_RS12435,b2383
DR76_RS01635,ECDH10B_RS13075,BW25113_RS12560,b2408
DR76_RS01830,ECDH10B_RS13330,BW25113_RS12815,b2458
DR76_RS01950,ECDH10B_RS13450,BW25113_RS12935,b2479
DR76_RS01970,ECDH10B_RS13530,BW25113_RS13015,b2495
DR76_RS02020,ECDH10B_RS13580,BW25113_RS13065,b2504
DR76_RS02405,ECDH10B_RS13990,BW25113_RS13475,b2581
DR76_RS02420,ECDH10B_RS14005,BW25113_RS13490,b2583
DR76_RS02435,ECDH10B_RS14020,BW25113_RS13505,b2586
DR76_RS09880,ECDH10B_RS14725,BW25113_RS14215,b2731
DR76_RS09845,ECDH10B_RS14755,BW25113_RS14245,b2737
DR76_RS09720,ECDH10B_RS14905,BW25113_RS14395,b2767
DR76_RS09700,ECDH10B_RS14925,BW25113_RS14415,b2771
DR76_RS09690,ECDH10B_RS14935,BW25113_RS14425,b2774
DR76_RS09145,ECDH10B_RS15445,BW25113_RS14920,b2869
DR76_RS09135,ECDH10B_RS15455,BW25113_RS14930,b2871
DR76_RS09130,ECDH10B_RS15460,BW25113_RS14935,b2872
DR76_RS09125,ECDH10B_RS15465,BW25113_RS14940,b2873
DR76_RS09120,ECDH10B_RS15470,BW25113_RS14945,b2874
DR76_RS09115,ECDH10B_RS15475,BW25113_RS14950,b2875
DR76_RS09090,ECDH10B_RS15500,BW25113_RS14975,b2880
DR76_RS09085,ECDH10B_RS15505,BW25113_RS14980,b2881
DR76_RS09065,ECDH10B_RS15525,BW25113_RS15000,b2886
DR76_RS08935,ECDH10B_RS15660,BW25113_RS15135,b2912
DR76_RS08730,ECDH10B_RS15855,BW25113_RS15320,b2950
DR76_RS08655,ECDH10B_RS15985,BW25113_RS15395,b2964
DR76_RS08650,ECDH10B_RS15980,BW25113_RS15400,b2965
DR76_RS08645,ECDH10B_RS15975,BW25113_RS15405,b2966
DR76_RS07960,ECDH10B_RS15965,BW25113_RS15415,b2968
DR76_RS07855,ECDH10B_RS16050,BW25113_RS15495,b2983
DR76_RS07815,ECDH10B_RS16090,BW25113_RS15535,b2991
DR76_RS07705,ECDH10B_RS16200,BW25113_RS15645,b3013
DR76_RS07460,ECDH10B_RS16345,BW25113_RS15790,b3042
DR76_RS07205,ECDH10B_RS16630,BW25113_RS16075,b3095
DR76_RS07195,ECDH10B_RS16640,BW25113_RS16085,b3097
DR76_RS07190,ECDH10B_RS16645,BW25113_RS16090,b3098
DR76_RS07185,ECDH10B_RS16650,BW25113_RS16095,b3099
DR76_RS07180,ECDH10B_RS16655,BW25113_RS16100,b3100
DR76_RS07165,ECDH10B_RS16670,BW25113_RS16115,b3103
DR76_RS07140,ECDH10B_RS16700,BW25113_RS16145,b3110
DR76_RS06670,ECDH10B_RS17195,BW25113_RS16640,b3211
DR76_RS06430,ECDH10B_RS17440,BW25113_RS16890,b3257
DR76_RS06325,ECDH10B_RS17555,BW25113_RS17005,b3279
DR76_RS06320,ECDH10B_RS17560,BW25113_RS17010,b3280
DR76_RS06315,ECDH10B_RS17565,BW25113_RS17015,b3281
DR76_RS06310,ECDH10B_RS17570,BW25113_RS17020,b3282
DR76_RS06305,ECDH10B_RS17575,BW25113_RS17025,b3283
DR76_RS06300,ECDH10B_RS17580,BW25113_RS17030,b3284
DR76_RS06290,ECDH10B_RS17590,BW25113_RS17040,b3287
DR76_RS06285,ECDH10B_RS17595,BW25113_RS17045,b3288
DR76_RS06280,ECDH10B_RS17600,BW25113_RS17050,b3289
DR76_RS06025,ECDH10B_RS17860,BW25113_RS17305,b3339
DR76_RS10475,ECDH10B_RS17860,BW25113_RS17305,b3339
DR76_RS05935,ECDH10B_RS17950,BW25113_RS17395,b3356
DR76_RS05920,ECDH10B_RS17965,BW25113_RS17410,b3358
DR76_RS05915,ECDH10B_RS17970,BW25113_RS17415,b3359
DR76_RS05905,ECDH10B_RS17980,BW25113_RS17425,b3361
DR76_RS05900,ECDH10B_RS17985,BW25113_RS17430,b3362
DR76_RS05870,ECDH10B_RS18015,BW25113_RS17460,b3368
DR76_RS05865,ECDH10B_RS18020,BW25113_RS17465,b3369
DR76_RS05860,ECDH10B_RS18050,BW25113_RS17495,b3376
DR76_RS05855,ECDH10B_RS18055,BW25113_RS17500,b3377
DR76_RS05850,ECDH10B_RS18060,BW25113_RS17505,b3378
DR76_RS05845,ECDH10B_RS18065,BW25113_RS17510,b3379
DR76_RS05840,ECDH10B_RS18070,BW25113_RS17515,b3380
DR76_RS05835,ECDH10B_RS18075,BW25113_RS17520,b3381
DR76_RS05830,ECDH10B_RS18080,BW25113_RS17525,b3382
DR76_RS05825,ECDH10B_RS18085,BW25113_RS17530,b3383
DR76_RS05305,ECDH10B_RS18540,BW25113_RS17985,b3474
DR76_RS05230,ECDH10B_RS18600,BW25113_RS18045,b3485
DR76_RS05025,ECDH10B_RS18805,BW25113_RS18250,b3521
DR76_RS04870,ECDH10B_RS18955,BW25113_RS18400,b3546
DR76_RS04865,ECDH10B_RS18960,BW25113_RS18405,b3547
DR76_RS04860,ECDH10B_RS18965,BW25113_RS18410,b3548
DR76_RS04855,ECDH10B_RS18970,BW25113_RS18415,b3549
DR76_RS04850,ECDH10B_RS18975,BW25113_RS18420,b3550
DR76_RS04845,ECDH10B_RS18980,BW25113_RS18425,b3551
DR76_RS04840,ECDH10B_RS18985,BW25113_RS18430,b3552
DR76_RS04835,ECDH10B_RS18990,BW25113_RS18435,b3553
DR76_RS04830,ECDH10B_RS18995,BW25113_RS18440,b3554
DR76_RS04825,ECDH10B_RS19000,BW25113_RS18445,b3555
DR76_RS04820,ECDH10B_RS19005,BW25113_RS18450,b3556
DR76_RS04810,ECDH10B_RS19025,BW25113_RS18470,b3559
DR76_RS04785,ECDH10B_RS19050,BW25113_RS18495,b3563
DR76_RS04685,ECDH10B_RS19145,BW25113_RS18590,b3581
DR76_RS04675,ECDH10B_RS19155,BW25113_RS18600,b3583
DR76_RS04405,ECDH10B_RS19475,BW25113_RS18920,b3644
DR76_RS04400,ECDH10B_RS19480,BW25113_RS18925,b3645
DR76_RS04395,ECDH10B_RS19485,BW25113_RS18930,b3646
DR76_RS04390,ECDH10B_RS19490,BW25113_RS18935,b3647
DR76_RS04385,ECDH10B_RS19495,BW25113_RS18940,b3648
DR76_RS04380,ECDH10B_RS19500,BW25113_RS18945,b3649
DR76_RS04175,ECDH10B_RS19560,BW25113_RS19005,b3660
DR76_RS04060,ECDH10B_RS19685,BW25113_RS19130,b3680
DR76_RS04055,ECDH10B_RS19710,BW25113_RS19155,b3685
DR76_RS04035,ECDH10B_RS19725,BW25113_RS19170,b3688
DR76_RS04030,ECDH10B_RS19730,BW25113_RS19175,b3689
DR76_RS04020,ECDH10B_RS19740,BW25113_RS19185,b3691
DR76_RS03925,ECDH10B_RS19835,BW25113_RS19280,b3708
DR76_RS03905,ECDH10B_RS19855,BW25113_RS19300,b3712
DR76_RS03900,ECDH10B_RS19860,BW25113_RS19305,b3713
DR76_RS03895,ECDH10B_RS19865,BW25113_RS19310,b3714
DR76_RS03890,ECDH10B_RS19870,BW25113_RS19315,b3715
DR76_RS03885,ECDH10B_RS19875,BW25113_RS19320,b3716
DR76_RS03880,ECDH10B_RS19885,BW25113_RS19330,b3718
DR76_RS03875,ECDH10B_RS19890,BW25113_RS19335,b3719
DR76_RS03870,ECDH10B_RS19895,BW25113_RS19340,b3720
DR76_RS03865,ECDH10B_RS19900,BW25113_RS19345,b3721
DR76_RS03860,ECDH10B_RS19905,BW25113_RS19350,b3722
DR76_RS03855,ECDH10B_RS19910,BW25113_RS19355,b3723
DR76_RS03850,ECDH10B_RS19915,BW25113_RS19360,b3724
DR76_RS03845,ECDH10B_RS19920,BW25113_RS19365,b3725
DR76_RS03840,ECDH10B_RS19925,BW25113_RS19370,b3726
DR76_RS03835,ECDH10B_RS19930,BW25113_RS19375,b3727
DR76_RS03830,ECDH10B_RS19935,BW25113_RS19380,b3728
DR76_RS03705,ECDH10B_RS20075,BW25113_RS19505,b3753
DR76_RS03700,ECDH10B_RS20080,BW25113_RS19510,b3754
DR76_RS03695,ECDH10B_RS20085,BW25113_RS19515,b3755
DR76_RS03655,ECDH10B_RS20125,BW25113_RS19555,b3764
DR76_RS03650,ECDH10B_RS20130,BW25113_RS19560,b3765
DR76_RS03635,ECDH10B_RS20145,BW25113_RS19575,b3769
DR76_RS03630,ECDH10B_RS20150,BW25113_RS19580,b3770
DR76_RS03625,ECDH10B_RS20155,BW25113_RS19585,b3771
DR76_RS03230,ECDH10B_RS20455,BW25113_RS19885,b3830
DR76_RS03060,ECDH10B_RS20600,BW25113_RS20030,b3861
DR76_RS03055,ECDH10B_RS20605,BW25113_RS20035,b3862
DR76_RS02940,ECDH10B_RS20735,BW25113_RS20160,b3885
DR76_RS02935,ECDH10B_RS20740,BW25113_RS20165,b3886
DR76_RS02930,ECDH10B_RS20745,BW25113_RS20170,b3887
DR76_RS02925,ECDH10B_RS20750,BW25113_RS20175,b3888
DR76_RS02895,ECDH10B_RS20755,BW25113_RS20180,b3889
DR76_RS02890,ECDH10B_RS20770,BW25113_RS20195,b3891
DR76_RS02885,ECDH10B_RS20775,BW25113_RS20200,b3892
DR76_RS02880,ECDH10B_RS20780,BW25113_RS20205,b3893
DR76_RS02860,ECDH10B_RS20800,BW25113_RS20225,b3896
DR76_RS02580,ECDH10B_RS21070,BW25113_RS20485,b3947
DR76_RS10475,ECDH10B_RS21235,BW25113_RS20650,b3980
DR76_RS06025,ECDH10B_RS21235,BW25113_RS20650,b3980
DR76_RS10480,ECDH10B_RS21240,BW25113_RS20655,b3981
DR76_RS10485,ECDH10B_RS21245,BW25113_RS20660,b3982
DR76_RS10490,ECDH10B_RS21250,BW25113_RS20665,b3983
DR76_RS10495,ECDH10B_RS21255,BW25113_RS20670,b3984
DR76_RS10500,ECDH10B_RS21260,BW25113_RS20675,b3985
DR76_RS10505,ECDH10B_RS21265,BW25113_RS20680,b3986
DR76_RS10510,ECDH10B_RS21270,BW25113_RS20685,b3987
DR76_RS10515,ECDH10B_RS21275,BW25113_RS20690,b3988
DR76_RS10520,ECDH10B_RS21285,BW25113_RS20700,b3990
DR76_RS10525,ECDH10B_RS21290,BW25113_RS20705,b3991
DR76_RS10535,ECDH10B_RS21300,BW25113_RS20715,b3992
DR76_RS10540,ECDH10B_RS21305,BW25113_RS20720,b3993
DR76_RS10545,ECDH10B_RS21310,BW25113_RS20725,b3994
DR76_RS10550,ECDH10B_RS21315,BW25113_RS20730,b3995
DR76_RS10555,ECDH10B_RS21320,BW25113_RS20735,b3996
DR76_RS10560,ECDH10B_RS21325,BW25113_RS20740,b3997
DR76_RS10565,ECDH10B_RS21330,BW25113_RS20745,b3998
DR76_RS10570,ECDH10B_RS21335,BW25113_RS20750,b3999
DR76_RS10575,ECDH10B_RS21340,BW25113_RS20755,b4000
DR76_RS10580,ECDH10B_RS21345,BW25113_RS20760,b4001
DR76_RS10585,ECDH10B_RS21350,BW25113_RS20765,b4002
DR76_RS10590,ECDH10B_RS21355,BW25113_RS20770,b4003
DR76_RS10595,ECDH10B_RS21360,BW25113_RS20775,b4004
DR76_RS10600,ECDH10B_RS21365,BW25113_RS20780,b4005
DR76_RS10605,ECDH10B_RS21370,BW25113_RS20785,b4006
DR76_RS10630,ECDH10B_RS21405,BW25113_RS20810,b4011
DR76_RS10735,ECDH10B_RS21465,BW25113_RS20870,b4023
DR76_RS11050,ECDH10B_RS21715,BW25113_RS21125,b4068
DR76_RS11100,ECDH10B_RS21775,BW25113_RS21175,b4078
DR76_RS11280,ECDH10B_RS21930,BW25113_RS21330,b4108
DR76_RS28325,ECDH10B_RS22005,BW25113_RS21405,b4121
DR76_RS11400,ECDH10B_RS22055,BW25113_RS21455,b4129
DR76_RS11480,ECDH10B_RS22130,BW25113_RS21530,b4144
DR76_RS11485,ECDH10B_RS22135,BW25113_RS21535,b4145
DR76_RS11660,ECDH10B_RS22325,BW25113_RS21725,b4181
DR76_RS11665,ECDH10B_RS22330,BW25113_RS21730,b4182
DR76_RS11670,ECDH10B_RS22335,BW25113_RS21735,b4183
DR76_RS11675,ECDH10B_RS22340,BW25113_RS21740,b4184
DR76_RS11680,ECDH10B_RS22345,BW25113_RS21745,b4185
DR76_RS11685,ECDH10B_RS22350,BW25113_RS21750,b4186
DR76_RS11690,ECDH10B_RS22355,BW25113_RS21755,b4187
DR76_RS11830,ECDH10B_RS22460,BW25113_RS21860,b4207
DR76_RS11855,ECDH10B_RS22485,BW25113_RS21885,b4212
DR76_RS11870,ECDH10B_RS22505,BW25113_RS21905,b4216
DR76_RS12060,ECDH10B_RS22705,BW25113_RS22095,b4256
DR76_RS12065,ECDH10B_RS22710,BW25113_RS22100,b4257
DR76_RS12095,ECDH10B_RS22740,BW25113_RS22130,b4263
DR76_RS20560,ECDH10B_RS22815,BW25113_RS22210,b4278
DR76_RS12165,ECDH10B_RS22845,BW25113_RS22240,b4284
DR76_RS12420,ECDH10B_RS22915,BW25113_RS22310,b4295
DR76_RS12440,ECDH10B_RS22935,BW25113_RS22330,b4298
DR76_RS12445,ECDH10B_RS22940,BW25113_RS22335,b4299
DR76_RS12450,ECDH10B_RS22945,BW25113_RS22340,b4300
DR76_RS12455,ECDH10B_RS22950,BW25113_RS22345,b4301
DR76_RS12460,ECDH10B_RS22955,BW25113_RS22350,b4302
DR76_RS12470,ECDH10B_RS22965,BW25113_RS22360,b4304
DR76_RS12480,ECDH10B_RS22975,BW25113_RS22370,b4305
DR76_RS12490,ECDH10B_RS22980,BW25113_RS22375,b4306
DR76_RS12825,ECDH10B_RS23065,BW25113_RS22720,b4364
DR76_RS28370,ECDH10B_RS26180,BW25113_RS25395,b4387
DR76_RS14060,ECDH10B_RS00855,BW25113_RS00950,b4406
DR76_RS10530,ECDH10B_RS21295,BW25113_RS20710,b4407
DR76_RS04815,ECDH10B_RS19010,BW25113_RS18455,b4455
DR76_RS06295,ECDH10B_RS17585,BW25113_RS17035,b4473
DR76_RS03660,ECDH10B_RS20120,BW25113_RS19550,b4480
DR76_RS00390,ECDH10B_RS11835,BW25113_RS11330,b4502
DR76_RS24375,ECDH10B_RS01440,BW25113_RS01520,b4506
DR76_RS18410,ECDH10B_RS07155,BW25113_RS06655,b4522
DR76_RS18405,ECDH10B_RS07160,BW25113_RS06660,b4523
DR76_RS28570,ECDH10B_RS25465,BW25113_RS25060,b4528
DR76_RS01910,ECDH10B_RS13410,BW25113_RS12895,b4547
DR76_RS12475,ECDH10B_RS22970,BW25113_RS22365,b4565
DR76_RS12500,ECDH10B_RS22990,BW25113_RS22385,b4566
DR76_RS12845,ECDH10B_RS23085,BW25113_RS22740,b4567
DR76_RS12900,ECDH10B_RS23135,BW25113_RS22790,b4568
DR76_RS18345,ECDH10B_RS07215,BW25113_RS06720,b4596
DR76_RS24365,ECDH10B_RS01450,BW25113_RS01530,b4671
DR76_RS09045,ECDH10B_RS15545,BW25113_RS15020,b4684
DR76_RS15630,ECDH10B_RS10130,BW25113_RS09630,b1838
DR76_RS20925,ECDH10B_RS16795,BW25113_RS16240,b3132
