"data_set"	"start"	"end"
"1"	"G"	239100	239378
"2"	"G"	331595	332683
"3"	"G"	387977	388951
"4"	"G"	389475	393642
"5"	"G"	570116	570667
"6"	"G"	570677	571474
"7"	"G"	582904	583653
"8"	"G"	736048	737184
"9"	"G"	836888	837148
"10"	"G"	997091	997630
"11"	"G"	1063259	1064515
"12"	"G"	1089089	1091512
"13"	"G"	1095066	1096052
"14"	"G"	1128637	1129053
"15"	"G"	1146017	1146538
"16"	"G"	1145234	1145818
"17"	"G"	1196756	1197460
"18"	"G"	1197918	1198811
"19"	"G"	1196756	1197460
"20"	"G"	1197918	1198811
"21"	"G"	1210903	1211226
"22"	"G"	1252308	1255175
"23"	"G"	1299206	1300837
"24"	"G"	1527946	1528428
"25"	"G"	1542408	1542743
"26"	"G"	1542782	1543771
"27"	"G"	1580950	1581711
"28"	"G"	1636479	1636691
"29"	"G"	1710793	1712295
"30"	"G"	1755745	1756749
"31"	"G"	1801118	1803017
"32"	"G"	1856874	1858253
"33"	"G"	1967407	1969008
"34"	"G"	1998496	1999047
"35"	"G"	1999093	1999812
"36"	"G"	2000133	2001629
"37"	"G"	2000133	2001629
"38"	"G"	2001895	2003301
"39"	"G"	2010524	2010685
"40"	"G"	2010023	2010373
"41"	"G"	2011251	2012909
"42"	"G"	2101413	2102531
"43"	"G"	2103087	2104079
"44"	"G"	2104082	2105248
"45"	"G"	2105248	2106351
"46"	"G"	2106359	2107606
"47"	"G"	2185400	2186434
"48"	"G"	2225343	2226778
"49"	"G"	2380733	2381944
"50"	"G"	2466234	2467154
"51"	"G"	2467151	2468482
"52"	"G"	2478658	2480196
"53"	"G"	2519613	2520497
"54"	"G"	2624715	2626958
"55"	"G"	2722468	2723766
"56"	"G"	2771339	2773042
"57"	"G"	2985558	2986190
"58"	"G"	2987326	2987808
"59"	"G"	2989290	2989781
"60"	"G"	2990116	2991492
"61"	"G"	2991660	2991878
"62"	"G"	3076906	3077349
"63"	"G"	3115101	3116987
"64"	"G"	3266056	3267243
"65"	"G"	3266056	3267243
"66"	"G"	3317629	3319254
"67"	"G"	3319814	3320146
"68"	"G"	3358811	3359575
"69"	"G"	3440403	3441734
"70"	"G"	3621030	3621413
"71"	"G"	3628598	3630220
"72"	"G"	3630482	3632088
"73"	"G"	3632429	3633523
"74"	"G"	3648921	3651343
"75"	"G"	3763964	3764806
"76"	"G"	3765804	3766265
"77"	"G"	3794575	3795834
"78"	"G"	3795866	3796939
"79"	"G"	3796972	3797823
"80"	"G"	3798610	3799626
"81"	"G"	3799666	3800685
"82"	"G"	3800685	3801794
"83"	"G"	3801808	3802743
"84"	"G"	3801808	3802743
"85"	"G"	4178138	4178503
"86"	"G"	4217880	4220066
"87"	"G"	4248534	4249862
"88"	"G"	4279362	4280654
"89"	"G"	4279362	4280654
"90"	"G"	4435285	4435785
"91"	"G"	4473011	4474825
"92"	"G"	4477294	4478491
"93"	"G"	4502855	4503973
"94"	"G"	4569935	4571500
"95"	"H1"	3413864	3415021
"96"	"H1"	485761	486408
"97"	"H1"	4335694	4337031
"98"	"H1"	4337168	4337929
"99"	"H1"	3284170	3284646
"100"	"H1"	3284685	3285488
"101"	"H1"	1065585	1066826
"102"	"H1"	2365018	2365620
"103"	"H1"	539147	540508
"104"	"H1"	544057	545292
"105"	"H1"	545314	546363
"106"	"H1"	2055061	2056515
"107"	"H1"	452070	453545
"108"	"H1"	395130	396287
"109"	"H1"	4269414	4270127
"110"	"H1"	2980764	2982182
"111"	"H1"	411297	412481
"112"	"H1"	4477307	4478311
"113"	"H1"	1774686	1775444
"114"	"H1"	1671376	1671684
"115"	"H1"	1825955	1826923
"116"	"H1"	3922060	3922440
"117"	"H1"	2915057	2917813
"118"	"H1"	3696458	3698029
"119"	"H1"	1556065	1556280
"120"	"H1"	325577	327247
"121"	"H1"	3466797	3466991
"122"	"H1"	3466249	3466725
"123"	"H1"	4604160	4604837
"124"	"H1"	4173082	4174047
"125"	"H1"	4360396	4361934
"126"	"H1"	36271	37824
"127"	"H1"	35377	36162
"128"	"H1"	34300	34695
"129"	"H1"	30817	34038
"130"	"H1"	2059964	2060914
"131"	"H1"	1062855	1063775
"132"	"H1"	1270749	1271849
"133"	"H1"	1819455	1819805
"134"	"H1"	1821299	1821619
"135"	"H1"	1817148	1818500
"136"	"H1"	1818605	1819447
"137"	"H1"	652235	653893
"138"	"H1"	3078887	3079330
"139"	"H1"	4174076	4175026
"140"	"H1"	1179631	1180359
"141"	"H1"	1104447	1104902
"142"	"H1"	1103951	1104406
"143"	"H1"	1104961	1105293
"144"	"H1"	1102546	1103196
"145"	"H1"	1102152	1102541
"146"	"H1"	1100851	1101684
"147"	"H1"	1907226	1907435
"148"	"H1"	1051461	1051673
"149"	"H1"	1050963	1051175
"150"	"H1"	597479	598702
"151"	"H1"	597131	597463
"152"	"H1"	1958520	1959266
"153"	"H1"	450663	451610
"154"	"H1"	1333855	1334829
"155"	"H1"	3497828	3499201
"156"	"H1"	2887578	2888312
"157"	"H1"	1625335	1627380
"158"	"H1"	4347404	4348744
"159"	"H1"	4349315	4350034
"160"	"H1"	399829	400923
"161"	"H1"	179237	180754
"162"	"H1"	250898	251953
"163"	"H1"	1121242	1121487
"164"	"H1"	848408	848911
"165"	"H1"	4043418	4044044
"166"	"H1"	637827	638573
"167"	"H1"	2024635	2024823
"168"	"H1"	1620238	1621137
"169"	"H1"	3222633	3225725
"170"	"H1"	3225722	3226171
"171"	"H1"	2303905	2304393
"172"	"H1"	305174	306817
"173"	"H1"	2381082	2381543
"174"	"H1"	2482176	2483339
"175"	"H1"	614157	618038
"176"	"H1"	2574978	2575457
"177"	"H1"	2483755	2484369
"178"	"H1"	2484374	2487967
"179"	"H1"	2461306	2462646
"180"	"H1"	4086016	4086849
"181"	"H1"	546680	548347
"182"	"H1"	3540163	3540390
"183"	"H1"	3540407	3542728
"184"	"H1"	618254	619387
"185"	"H1"	4604875	4605663
"186"	"H1"	42403	43173
"187"	"H1"	1977847	1978197
"188"	"H1"	1962580	1962972
"189"	"H1"	2022893	2023678
"190"	"H1"	953609	954466
"191"	"H1"	157253	157732
"192"	"H1"	2492004	2493254
"193"	"H1"	2259719	2261410
"194"	"H1"	2933041	2933688
"195"	"H1"	2934235	2935551
"196"	"H1"	4368664	4369140
"197"	"H1"	3658366	3658893
"198"	"H1"	3663890	3664618
"199"	"H1"	3664986	3665810
"200"	"H1"	1291457	1292365
"201"	"H1"	3275282	3276853
"202"	"H1"	3273573	3274907
"203"	"H1"	2174597	2175049
"204"	"H1"	2174282	2174566
"205"	"H1"	2171833	2172873
"206"	"H1"	3585081	3586823
"207"	"H1"	3191739	3191939
"208"	"H1"	706093	707757
"209"	"H1"	234027	234782
"210"	"H1"	2349935	2351011
"211"	"H1"	541888	543033
"212"	"H1"	536586	537464
"213"	"H1"	1344757	1346742
"214"	"H1"	2099862	2101268
"215"	"H1"	3136663	3138522
"216"	"H1"	2035835	2036686
"217"	"H1"	3656408	3656740
"218"	"H1"	3655966	3656292
"219"	"H1"	3656995	3657567
"220"	"H1"	1697273	1698040
"221"	"H1"	480090	480308
"222"	"H1"	1292509	1292922
"223"	"H1"	535710	536486
"224"	"H1"	85630	87354
"225"	"H1"	3283143	3284003
"226"	"H1"	2983288	2984124
"227"	"H1"	81958	83529
"228"	"H1"	84368	85312
"229"	"H1"	661637	662278
"230"	"H1"	3596451	3597560
"231"	"H1"	1757421	1757657
"232"	"H1"	2405703	2406641
"233"	"H1"	4231884	4233233
"234"	"H1"	479367	479918
"235"	"H1"	1698152	1699180
"236"	"H1"	3172530	3173111
"237"	"H1"	3659232	3660389
"238"	"H1"	1672820	1673149
"239"	"H1"	1673136	1673501
"240"	"H1"	4132616	4133506
"241"	"H1"	2239350	2240348
"242"	"H1"	4467625	4470321
"243"	"H1"	1225385	1226080
"244"	"H1"	1224279	1224545
"245"	"H1"	1393227	1394840
"246"	"H1"	3438024	3438434
"247"	"H1"	2857093	2859654
"248"	"H1"	17489	18655
"249"	"H1"	3839175	3839993
"250"	"H1"	1792267	1792731
"251"	"H1"	2803502	2804461
"252"	"H1"	2311646	2312749
"253"	"H1"	1381947	1382852
"254"	"H1"	1435760	1436893
"255"	"H1"	1314020	1314658
"256"	"H1"	1301182	1302813
"257"	"H1"	1302899	1303819
"258"	"H1"	1343110	1343328
"259"	"H1"	1556625	1557056
"260"	"H1"	1980188	1981612
"261"	"H1"	2490256	2491950
"262"	"H1"	1806370	1807299
"263"	"H1"	4233758	4235407
"264"	"H1"	401747	403162
"265"	"H1"	259045	260100
"266"	"H1"	1084992	1086056
"267"	"H1"	3906853	3907578
"268"	"H1"	1851887	1852528
"269"	"H1"	1181783	1182829
"270"	"H1"	2859760	2860416
"271"	"H1"	1572407	1575202
"272"	"H1"	260388	261491
"273"	"H1"	2804815	2806017
"274"	"H1"	346857	348443
"275"	"H1"	1369689	1370003
"276"	"H1"	1755698	1757110
"277"	"H1"	1004768	1005778
"278"	"H1"	3170484	3171833
"279"	"H1"	4003288	4004178
"280"	"H1"	2023968	2024591
"281"	"H1"	409108	410019
"282"	"H1"	849210	850097
"283"	"H1"	3183813	3184466
"284"	"H1"	683477	684412
"285"	"H1"	2254245	2255186
"286"	"H1"	4409275	4410006
"287"	"H1"	1705767	1706348
"288"	"H1"	1945365	1945976
"289"	"H1"	1946855	1947376
"290"	"H1"	2232878	2233597
"291"	"H1"	1996110	1996832
"292"	"H1"	3758017	3759861
"293"	"H1"	2053643	2054959
"294"	"H1"	2456327	2456812
"295"	"H1"	3653961	3654527
"296"	"H1"	1720390	1720824
"297"	"H1"	1119468	1120586
"298"	"H1"	4277060	4277383
"299"	"H1"	3083935	3085911
"300"	"H1"	1656184	1656744
"301"	"H1"	1825140	1825625
"302"	"H1"	2652494	2653339
"303"	"H1"	2798091	2798495
"304"	"H1"	3266127	3267065
"305"	"H1"	3265039	3266028
"306"	"H1"	3263686	3265017
"307"	"H1"	3790320	3791345
"308"	"H1"	1293527	1294144
"309"	"H1"	1501562	1502155
"310"	"H1"	1800642	1802570
"311"	"H1"	3888730	3890145
"312"	"H1"	1331048	1333645
"313"	"H1"	1957032	1958132
"314"	"H1"	1245679	1247376
"315"	"H1"	3669592	3671241
"316"	"H1"	3436518	3437894
"317"	"H1"	3206463	3207374
"318"	"H1"	4267114	4268307
"319"	"H1"	1692890	1694263
"320"	"H1"	1691586	1692851
"321"	"H1"	4419980	4421377
"322"	"H1"	1435185	1435619
"323"	"H1"	1994703	1995359
"324"	"H1"	4554576	4555349
"325"	"H1"	4480982	4483837
"326"	"H1"	2129661	2130878
"327"	"H1"	2128904	2129650
"328"	"H1"	2128340	2128888
"329"	"H1"	1067112	1067708
"330"	"H1"	2136104	2137243
"331"	"H1"	3731131	3732123
"332"	"H1"	3732201	3733742
"333"	"H1"	151003	151599
"334"	"H1"	156299	156883
"335"	"H1"	252709	253161
"336"	"H1"	332371	333459
"337"	"H1"	334525	335022
"338"	"H1"	335280	335885
"339"	"H1"	335925	336788
"340"	"H1"	342884	343933
"341"	"H1"	345666	346337
"342"	"H1"	346484	346759
"343"	"H1"	408177	408461
"344"	"H1"	394506	395129
"345"	"H1"	537633	539087
"346"	"H1"	540565	541866
"347"	"H1"	587091	587981
"348"	"H1"	603416	604663
"349"	"H1"	634747	635376
"350"	"H1"	636716	637618
"351"	"H1"	799622	800575
"352"	"H1"	803503	805764
"353"	"H1"	819884	820588
"354"	"H1"	820793	821506
"355"	"H1"	916473	918131
"356"	"H1"	888134	889819
"357"	"H1"	890089	890466
"358"	"H1"	1052289	1053362
"359"	"H1"	1116807	1117859
"360"	"H1"	1117901	1118476
"361"	"H1"	1118480	1119046
"362"	"H1"	1226600	1226968
"363"	"H1"	1227714	1228007
"364"	"H1"	1228815	1229276
"365"	"H1"	1298598	1299245
"366"	"H1"	1342658	1342984
"367"	"H1"	1310569	1310865
"368"	"H1"	1343597	1344346
"369"	"H1"	1382963	1383961
"370"	"H1"	1406563	1407795
"371"	"H1"	1445880	1446206
"372"	"H1"	1502457	1503125
"373"	"H1"	1511654	1512799
"374"	"H1"	1517389	1517562
"375"	"H1"	1546288	1547169
"376"	"H1"	1533282	1533851
"377"	"H1"	1567504	1568823
"378"	"H1"	1579633	1580790
"379"	"H1"	1580842	1582524
"380"	"H1"	1582926	1583687
"381"	"H1"	1584207	1586486
"382"	"H1"	1586820	1587734
"383"	"H1"	1629453	1630913
"384"	"H1"	1703268	1704308
"385"	"H1"	1705250	1705690
"386"	"H1"	1751728	1753830
"387"	"H1"	1753851	1754477
"388"	"H1"	1754932	1755141
"389"	"H1"	1773789	1774655
"390"	"H1"	1775587	1777182
"391"	"H1"	1769074	1770186
"392"	"H1"	1770615	1770971
"393"	"H1"	1771071	1772285
"394"	"H1"	1772512	1773777
"395"	"H1"	1777196	1778347
"396"	"H1"	1778390	1779301
"397"	"H1"	1779617	1780381
"398"	"H1"	1789808	1791244
"399"	"H1"	1854096	1854854
"400"	"H1"	1855981	1856928
"401"	"H1"	1856933	1857769
"402"	"H1"	1858850	1860229
"403"	"H1"	1868955	1870238
"404"	"H1"	1870385	1871860
"405"	"H1"	1872041	1873531
"406"	"H1"	1873574	1874077
"407"	"H1"	1877715	1878740
"408"	"H1"	1879007	1879255
"409"	"H1"	1879589	1879948
"410"	"H1"	1946251	1946853
"411"	"H1"	1908261	1908548
"412"	"H1"	1997062	1997814
"413"	"H1"	1989251	1989490
"414"	"H1"	1988222	1988545
"415"	"H1"	2038152	2038823
"416"	"H1"	2039478	2040482
"417"	"H1"	2040483	2041118
"418"	"H1"	2056858	2057574
"419"	"H1"	2137902	2139485
"420"	"H1"	2151711	2152472
"421"	"H1"	2165668	2167029
"422"	"H1"	2167989	2168306
"423"	"H1"	2168712	2169611
"424"	"H1"	2187380	2188414
"425"	"H1"	2191680	2192222
"426"	"H1"	2204596	2205684
"427"	"H1"	2255355	2256014
"428"	"H1"	2267829	2268815
"429"	"H1"	2233600	2233839
"430"	"H1"	2340417	2344169
"431"	"H1"	2363733	2364275
"432"	"H1"	2386934	2387437
"433"	"H1"	2455083	2455646
"434"	"H1"	2465301	2466233
"435"	"H1"	2495050	2495292
"436"	"H1"	2591247	2591603
"437"	"H1"	2626695	2628938
"438"	"H1"	2629792	2630310
"439"	"H1"	2635599	2635814
"440"	"H1"	2699663	2699923
"441"	"H1"	2742383	2743609
"442"	"H1"	2741875	2742393
"443"	"H1"	2799650	2799994
"444"	"H1"	2797520	2798044
"445"	"H1"	2797211	2797510
"446"	"H1"	2901896	2903374
"447"	"H1"	2905711	2906583
"448"	"H1"	2897964	2899418
"449"	"H1"	2899488	2900273
"450"	"H1"	3004008	3005786
"451"	"H1"	3006262	3007452
"452"	"H1"	3016060	3019158
"453"	"H1"	3098558	3099565
"454"	"H1"	3097267	3098403
"455"	"H1"	3146450	3146737
"456"	"H1"	3226234	3227667
"457"	"H1"	3227801	3228871
"458"	"H1"	3252304	3252669
"459"	"H1"	3411653	3412537
"460"	"H1"	3412621	3412800
"461"	"H1"	3418390	3418611
"462"	"H1"	3499448	3499615
"463"	"H1"	3581138	3581626
"464"	"H1"	3655255	3655902
"465"	"H1"	3634841	3635893
"466"	"H1"	3636208	3637410
"467"	"H1"	3667791	3669188
"468"	"H1"	3671292	3671894
"469"	"H1"	3672414	3673313
"470"	"H1"	3695997	3696185
"471"	"H1"	3700563	3701834
"472"	"H1"	3727407	3727748
"473"	"H1"	3719478	3719768
"474"	"H1"	3756676	3757827
"475"	"H1"	3761347	3761955
"476"	"H1"	3770243	3771379
"477"	"H1"	3776665	3777027
"478"	"H1"	3788101	3789060
"479"	"H1"	3838248	3839171
"480"	"H1"	3840215	3840508
"481"	"H1"	3860283	3861176
"482"	"H1"	4044199	4045629
"483"	"H1"	4045670	4046602
"484"	"H1"	4077449	4078438
"485"	"H1"	4079297	4079509
"486"	"H1"	4112315	4112755
"487"	"H1"	4112967	4113266
"488"	"H1"	4231359	4231631
"489"	"H1"	4275471	4277057
"490"	"H1"	4351843	4352073
"491"	"H1"	4352085	4352357
"492"	"H1"	4383839	4385341
"493"	"H1"	4410133	4410534
"494"	"H1"	4410553	4411251
"495"	"H1"	4411302	4411961
"496"	"H1"	4411979	4412377
"497"	"H1"	4412387	4413025
"498"	"H1"	4479034	4479537
"499"	"H1"	4562743	4563603
"500"	"H1"	4602088	4602858
"501"	"H1"	4603477	4604202
"502"	"H1"	321608	322327
"503"	"H1"	323758	324453
"504"	"H1"	312514	312777
"505"	"H1"	872979	875327
"506"	"H1"	875335	876663
"507"	"H1"	1105820	1106353
"508"	"H1"	1394891	1395922
"509"	"H1"	1397365	1397622
"510"	"H1"	1445687	1445872
"511"	"H1"	1520963	1523065
"512"	"H1"	1656747	1657457
"513"	"H1"	1807796	1808656
"514"	"H1"	1893367	1893711
"515"	"H1"	1894133	1894432
"516"	"H1"	1904801	1905259
"517"	"H1"	2796870	2797028
"518"	"H1"	2900592	2901869
"519"	"H1"	3014287	3015057
"520"	"H1"	2984411	2985592
"521"	"H1"	2985847	2987076
"522"	"H1"	3184840	3185130
"523"	"H1"	3192208	3192837
"524"	"H1"	3251024	3252010
"525"	"H1"	4428079	4428717
"526"	"H2"	3413864	3415021
"527"	"H2"	485761	486408
"528"	"H2"	4335694	4337031
"529"	"H2"	4337168	4337929
"530"	"H2"	3284170	3284646
"531"	"H2"	3284685	3285488
"532"	"H2"	1065585	1066826
"533"	"H2"	2365018	2365620
"534"	"H2"	539147	540508
"535"	"H2"	544057	545292
"536"	"H2"	545314	546363
"537"	"H2"	2055061	2056515
"538"	"H2"	395130	396287
"539"	"H2"	4269414	4270127
"540"	"H2"	2980764	2982182
"541"	"H2"	411297	412481
"542"	"H2"	4477307	4478311
"543"	"H2"	1774686	1775444
"544"	"H2"	1671376	1671684
"545"	"H2"	1825955	1826923
"546"	"H2"	3922060	3922440
"547"	"H2"	2915057	2917813
"548"	"H2"	3696458	3698029
"549"	"H2"	1556065	1556280
"550"	"H2"	325577	327247
"551"	"H2"	3466797	3466991
"552"	"H2"	3466249	3466725
"553"	"H2"	4604160	4604837
"554"	"H2"	4173082	4174047
"555"	"H2"	4360396	4361934
"556"	"H2"	36271	37824
"557"	"H2"	35377	36162
"558"	"H2"	34300	34695
"559"	"H2"	1062855	1063775
"560"	"H2"	1270749	1271849
"561"	"H2"	1819455	1819805
"562"	"H2"	1821299	1821619
"563"	"H2"	1817148	1818500
"564"	"H2"	1818605	1819447
"565"	"H2"	652235	653893
"566"	"H2"	3078887	3079330
"567"	"H2"	4174076	4175026
"568"	"H2"	1179631	1180359
"569"	"H2"	1104447	1104902
"570"	"H2"	1103951	1104406
"571"	"H2"	1104961	1105293
"572"	"H2"	1102546	1103196
"573"	"H2"	1102152	1102541
"574"	"H2"	1100851	1101684
"575"	"H2"	1907226	1907435
"576"	"H2"	1051461	1051673
"577"	"H2"	1050963	1051175
"578"	"H2"	597479	598702
"579"	"H2"	597131	597463
"580"	"H2"	450663	451610
"581"	"H2"	1333855	1334829
"582"	"H2"	3497828	3499201
"583"	"H2"	2887578	2888312
"584"	"H2"	1625335	1627380
"585"	"H2"	4347404	4348744
"586"	"H2"	4349315	4350034
"587"	"H2"	399829	400923
"588"	"H2"	179237	180754
"589"	"H2"	1121242	1121487
"590"	"H2"	848408	848911
"591"	"H2"	4043418	4044044
"592"	"H2"	637827	638573
"593"	"H2"	2024635	2024823
"594"	"H2"	3225722	3226171
"595"	"H2"	2303905	2304393
"596"	"H2"	305174	306817
"597"	"H2"	2381082	2381543
"598"	"H2"	2482176	2483339
"599"	"H2"	2574978	2575457
"600"	"H2"	2483755	2484369
"601"	"H2"	2484374	2487967
"602"	"H2"	2461306	2462646
"603"	"H2"	4086016	4086849
"604"	"H2"	546680	548347
"605"	"H2"	3540163	3540390
"606"	"H2"	3540407	3542728
"607"	"H2"	618254	619387
"608"	"H2"	42403	43173
"609"	"H2"	1977847	1978197
"610"	"H2"	2022893	2023678
"611"	"H2"	953609	954466
"612"	"H2"	157253	157732
"613"	"H2"	2492004	2493254
"614"	"H2"	2933041	2933688
"615"	"H2"	2934235	2935551
"616"	"H2"	4368664	4369140
"617"	"H2"	3658366	3658893
"618"	"H2"	3663890	3664618
"619"	"H2"	3664986	3665810
"620"	"H2"	1291457	1292365
"621"	"H2"	3275282	3276853
"622"	"H2"	3273573	3274907
"623"	"H2"	2174597	2175049
"624"	"H2"	2174282	2174566
"625"	"H2"	2171833	2172873
"626"	"H2"	3191739	3191939
"627"	"H2"	234027	234782
"628"	"H2"	2349935	2351011
"629"	"H2"	541888	543033
"630"	"H2"	536586	537464
"631"	"H2"	2099862	2101268
"632"	"H2"	3136663	3138522
"633"	"H2"	2035835	2036686
"634"	"H2"	3656408	3656740
"635"	"H2"	3655966	3656292
"636"	"H2"	3656995	3657567
"637"	"H2"	1697273	1698040
"638"	"H2"	480090	480308
"639"	"H2"	1292509	1292922
"640"	"H2"	535710	536486
"641"	"H2"	85630	87354
"642"	"H2"	3283143	3284003
"643"	"H2"	2983288	2984124
"644"	"H2"	81958	83529
"645"	"H2"	84368	85312
"646"	"H2"	661637	662278
"647"	"H2"	3596451	3597560
"648"	"H2"	1757421	1757657
"649"	"H2"	2405703	2406641
"650"	"H2"	4231884	4233233
"651"	"H2"	479367	479918
"652"	"H2"	3172530	3173111
"653"	"H2"	3659232	3660389
"654"	"H2"	1672820	1673149
"655"	"H2"	1673136	1673501
"656"	"H2"	4132616	4133506
"657"	"H2"	2239350	2240348
"658"	"H2"	4467625	4470321
"659"	"H2"	1225385	1226080
"660"	"H2"	1224279	1224545
"661"	"H2"	1393227	1394840
"662"	"H2"	3438024	3438434
"663"	"H2"	17489	18655
"664"	"H2"	3839175	3839993
"665"	"H2"	1792267	1792731
"666"	"H2"	2803502	2804461
"667"	"H2"	2311646	2312749
"668"	"H2"	1381947	1382852
"669"	"H2"	1435760	1436893
"670"	"H2"	1314020	1314658
"671"	"H2"	1301182	1302813
"672"	"H2"	1302899	1303819
"673"	"H2"	1343110	1343328
"674"	"H2"	1556625	1557056
"675"	"H2"	1980188	1981612
"676"	"H2"	2490256	2491950
"677"	"H2"	1806370	1807299
"678"	"H2"	401747	403162
"679"	"H2"	259045	260100
"680"	"H2"	1084992	1086056
"681"	"H2"	3906853	3907578
"682"	"H2"	1181783	1182829
"683"	"H2"	2859760	2860416
"684"	"H2"	1572407	1575202
"685"	"H2"	260388	261491
"686"	"H2"	2804815	2806017
"687"	"H2"	1369689	1370003
"688"	"H2"	1004768	1005778
"689"	"H2"	3170484	3171833
"690"	"H2"	4003288	4004178
"691"	"H2"	2023968	2024591
"692"	"H2"	849210	850097
"693"	"H2"	3183813	3184466
"694"	"H2"	683477	684412
"695"	"H2"	2254245	2255186
"696"	"H2"	4409275	4410006
"697"	"H2"	1705767	1706348
"698"	"H2"	1945365	1945976
"699"	"H2"	1946855	1947376
"700"	"H2"	2232878	2233597
"701"	"H2"	1996110	1996832
"702"	"H2"	3758017	3759861
"703"	"H2"	2053643	2054959
"704"	"H2"	2456327	2456812
"705"	"H2"	3653961	3654527
"706"	"H2"	1720390	1720824
"707"	"H2"	1119468	1120586
"708"	"H2"	4277060	4277383
"709"	"H2"	1656184	1656744
"710"	"H2"	1825140	1825625
"711"	"H2"	2652494	2653339
"712"	"H2"	2798091	2798495
"713"	"H2"	3266127	3267065
"714"	"H2"	3265039	3266028
"715"	"H2"	3263686	3265017
"716"	"H2"	3790320	3791345
"717"	"H2"	1293527	1294144
"718"	"H2"	1501562	1502155
"719"	"H2"	1800642	1802570
"720"	"H2"	3888730	3890145
"721"	"H2"	1957032	1958132
"722"	"H2"	1245679	1247376
"723"	"H2"	3669592	3671241
"724"	"H2"	3206463	3207374
"725"	"H2"	4267114	4268307
"726"	"H2"	1692890	1694263
"727"	"H2"	1691586	1692851
"728"	"H2"	4419980	4421377
"729"	"H2"	1435185	1435619
"730"	"H2"	1994703	1995359
"731"	"H2"	4554576	4555349
"732"	"H2"	2129661	2130878
"733"	"H2"	2128904	2129650
"734"	"H2"	2128340	2128888
"735"	"H2"	1067112	1067708
"736"	"H2"	2136104	2137243
"737"	"H2"	3731131	3732123
"738"	"H2"	3732201	3733742
"739"	"H2"	151003	151599
"740"	"H2"	156299	156883
"741"	"H2"	252709	253161
"742"	"H2"	332371	333459
"743"	"H2"	334525	335022
"744"	"H2"	335280	335885
"745"	"H2"	335925	336788
"746"	"H2"	342884	343933
"747"	"H2"	345666	346337
"748"	"H2"	346484	346759
"749"	"H2"	408177	408461
"750"	"H2"	394506	395129
"751"	"H2"	537633	539087
"752"	"H2"	540565	541866
"753"	"H2"	587091	587981
"754"	"H2"	603416	604663
"755"	"H2"	634747	635376
"756"	"H2"	636716	637618
"757"	"H2"	799622	800575
"758"	"H2"	803503	805764
"759"	"H2"	819884	820588
"760"	"H2"	820793	821506
"761"	"H2"	916473	918131
"762"	"H2"	888134	889819
"763"	"H2"	890089	890466
"764"	"H2"	1052289	1053362
"765"	"H2"	1117901	1118476
"766"	"H2"	1118480	1119046
"767"	"H2"	1226600	1226968
"768"	"H2"	1227714	1228007
"769"	"H2"	1228815	1229276
"770"	"H2"	1298598	1299245
"771"	"H2"	1342658	1342984
"772"	"H2"	1310569	1310865
"773"	"H2"	1343597	1344346
"774"	"H2"	1382963	1383961
"775"	"H2"	1406563	1407795
"776"	"H2"	1445880	1446206
"777"	"H2"	1502457	1503125
"778"	"H2"	1511654	1512799
"779"	"H2"	1517389	1517562
"780"	"H2"	1546288	1547169
"781"	"H2"	1533282	1533851
"782"	"H2"	1567504	1568823
"783"	"H2"	1579633	1580790
"784"	"H2"	1580842	1582524
"785"	"H2"	1582926	1583687
"786"	"H2"	1584207	1586486
"787"	"H2"	1586820	1587734
"788"	"H2"	1629453	1630913
"789"	"H2"	1703268	1704308
"790"	"H2"	1705250	1705690
"791"	"H2"	1751728	1753830
"792"	"H2"	1753851	1754477
"793"	"H2"	1754932	1755141
"794"	"H2"	1773789	1774655
"795"	"H2"	1775587	1777182
"796"	"H2"	1770615	1770971
"797"	"H2"	1771071	1772285
"798"	"H2"	1772512	1773777
"799"	"H2"	1777196	1778347
"800"	"H2"	1778390	1779301
"801"	"H2"	1779617	1780381
"802"	"H2"	1789808	1791244
"803"	"H2"	1854096	1854854
"804"	"H2"	1855981	1856928
"805"	"H2"	1856933	1857769
"806"	"H2"	1858850	1860229
"807"	"H2"	1868955	1870238
"808"	"H2"	1870385	1871860
"809"	"H2"	1872041	1873531
"810"	"H2"	1873574	1874077
"811"	"H2"	1877715	1878740
"812"	"H2"	1879007	1879255
"813"	"H2"	1879589	1879948
"814"	"H2"	1946251	1946853
"815"	"H2"	1908261	1908548
"816"	"H2"	1997062	1997814
"817"	"H2"	1989251	1989490
"818"	"H2"	1988222	1988545
"819"	"H2"	2038152	2038823
"820"	"H2"	2039478	2040482
"821"	"H2"	2040483	2041118
"822"	"H2"	2056858	2057574
"823"	"H2"	2137902	2139485
"824"	"H2"	2167989	2168306
"825"	"H2"	2168712	2169611
"826"	"H2"	2187380	2188414
"827"	"H2"	2191680	2192222
"828"	"H2"	2204596	2205684
"829"	"H2"	2255355	2256014
"830"	"H2"	2233600	2233839
"831"	"H2"	2340417	2344169
"832"	"H2"	2363733	2364275
"833"	"H2"	2386934	2387437
"834"	"H2"	2455083	2455646
"835"	"H2"	2465301	2466233
"836"	"H2"	2495050	2495292
"837"	"H2"	2591247	2591603
"838"	"H2"	2626695	2628938
"839"	"H2"	2629792	2630310
"840"	"H2"	2699663	2699923
"841"	"H2"	2742383	2743609
"842"	"H2"	2741875	2742393
"843"	"H2"	2799650	2799994
"844"	"H2"	2797520	2798044
"845"	"H2"	2797211	2797510
"846"	"H2"	2901896	2903374
"847"	"H2"	2905711	2906583
"848"	"H2"	2897964	2899418
"849"	"H2"	2899488	2900273
"850"	"H2"	3004008	3005786
"851"	"H2"	3006262	3007452
"852"	"H2"	3016060	3019158
"853"	"H2"	3098558	3099565
"854"	"H2"	3097267	3098403
"855"	"H2"	3146450	3146737
"856"	"H2"	3226234	3227667
"857"	"H2"	3227801	3228871
"858"	"H2"	3252304	3252669
"859"	"H2"	3411653	3412537
"860"	"H2"	3412621	3412800
"861"	"H2"	3418390	3418611
"862"	"H2"	3499448	3499615
"863"	"H2"	3581138	3581626
"864"	"H2"	3655255	3655902
"865"	"H2"	3634841	3635893
"866"	"H2"	3667791	3669188
"867"	"H2"	3671292	3671894
"868"	"H2"	3672414	3673313
"869"	"H2"	3695997	3696185
"870"	"H2"	3700563	3701834
"871"	"H2"	3727407	3727748
"872"	"H2"	3719478	3719768
"873"	"H2"	3756676	3757827
"874"	"H2"	3761347	3761955
"875"	"H2"	3770243	3771379
"876"	"H2"	3788101	3789060
"877"	"H2"	3838248	3839171
"878"	"H2"	3840215	3840508
"879"	"H2"	3860283	3861176
"880"	"H2"	4044199	4045629
"881"	"H2"	4045670	4046602
"882"	"H2"	4077449	4078438
"883"	"H2"	4079297	4079509
"884"	"H2"	4112315	4112755
"885"	"H2"	4112967	4113266
"886"	"H2"	4231359	4231631
"887"	"H2"	4275471	4277057
"888"	"H2"	4351843	4352073
"889"	"H2"	4352085	4352357
"890"	"H2"	4383839	4385341
"891"	"H2"	4410133	4410534
"892"	"H2"	4410553	4411251
"893"	"H2"	4411302	4411961
"894"	"H2"	4411979	4412377
"895"	"H2"	4412387	4413025
"896"	"H2"	4479034	4479537
"897"	"H2"	4562743	4563603
"898"	"H2"	4602088	4602858
"899"	"H2"	4603477	4604202
"900"	"H2"	321608	322327
"901"	"H2"	323758	324453
"902"	"H2"	312514	312777
"903"	"H2"	872979	875327
"904"	"H2"	875335	876663
"905"	"H2"	1105820	1106353
"906"	"H2"	1394891	1395922
"907"	"H2"	1397365	1397622
"908"	"H2"	1445687	1445872
"909"	"H2"	1520963	1523065
"910"	"H2"	1656747	1657457
"911"	"H2"	1893367	1893711
"912"	"H2"	1894133	1894432
"913"	"H2"	1904801	1905259
"914"	"H2"	2796870	2797028
"915"	"H2"	2900592	2901869
"916"	"H2"	3014287	3015057
"917"	"H2"	2984411	2985592
"918"	"H2"	2985847	2987076
"919"	"H2"	3184840	3185130
"920"	"H2"	3192208	3192837
"921"	"H2"	4428079	4428717
"922"	"H3"	746723	747769
"923"	"H3"	1335831	1338506
"924"	"H3"	3413864	3415021
"925"	"H3"	485761	486408
"926"	"H3"	4335694	4337031
"927"	"H3"	4337168	4337929
"928"	"H3"	3284170	3284646
"929"	"H3"	3284685	3285488
"930"	"H3"	3285478	3286269
"931"	"H3"	3286270	3287025
"932"	"H3"	3277856	3278665
"933"	"H3"	1065585	1066826
"934"	"H3"	2365018	2365620
"935"	"H3"	539147	540508
"936"	"H3"	544057	545292
"937"	"H3"	545314	546363
"938"	"H3"	2055061	2056515
"939"	"H3"	395130	396287
"940"	"H3"	1524481	1525980
"941"	"H3"	4269414	4270127
"942"	"H3"	915352	916047
"943"	"H3"	2980764	2982182
"944"	"H3"	1983555	1985069
"945"	"H3"	1982554	1983540
"946"	"H3"	411297	412481
"947"	"H3"	4477307	4478311
"948"	"H3"	3059753	3060646
"949"	"H3"	1960062	1961795
"950"	"H3"	2370908	2372560
"951"	"H3"	1774686	1775444
"952"	"H3"	1671376	1671684
"953"	"H3"	1825955	1826923
"954"	"H3"	3918316	3919857
"955"	"H3"	3921236	3922051
"956"	"H3"	3915553	3915972
"957"	"H3"	3915993	3917375
"958"	"H3"	3920950	3921189
"959"	"H3"	3920418	3920888
"960"	"H3"	3917402	3918265
"961"	"H3"	3919870	3920403
"962"	"H3"	3922060	3922440
"963"	"H3"	2915057	2917813
"964"	"H3"	3696458	3698029
"965"	"H3"	3698026	3698217
"966"	"H3"	3698214	3699893
"967"	"H3"	1556065	1556280
"968"	"H3"	325577	327247
"969"	"H3"	3466797	3466991
"970"	"H3"	3466249	3466725
"971"	"H3"	4604160	4604837
"972"	"H3"	4173082	4174047
"973"	"H3"	4360396	4361934
"974"	"H3"	39244	40386
"975"	"H3"	37898	39115
"976"	"H3"	36271	37824
"977"	"H3"	35377	36162
"978"	"H3"	34781	35371
"979"	"H3"	34300	34695
"980"	"H3"	2059964	2060914
"981"	"H3"	1062855	1063775
"982"	"H3"	1270749	1271849
"983"	"H3"	1819455	1819805
"984"	"H3"	1821299	1821619
"985"	"H3"	1817148	1818500
"986"	"H3"	1816386	1817135
"987"	"H3"	1818605	1819447
"988"	"H3"	652235	653893
"989"	"H3"	653862	654542
"990"	"H3"	650487	650783
"991"	"H3"	648039	649571
"992"	"H3"	646631	647509
"993"	"H3"	3078887	3079330
"994"	"H3"	4174076	4175026
"995"	"H3"	3809825	3810304
"996"	"H3"	1179631	1180359
"997"	"H3"	4434622	4436565
"998"	"H3"	1104447	1104902
"999"	"H3"	1103951	1104406
"1000"	"H3"	1104961	1105293
"1001"	"H3"	1102546	1103196
"1002"	"H3"	1102152	1102541
"1003"	"H3"	1100851	1101684
"1004"	"H3"	1907226	1907435
"1005"	"H3"	1051461	1051673
"1006"	"H3"	1050963	1051175
"1007"	"H3"	597479	598702
"1008"	"H3"	597131	597463
"1009"	"H3"	773042	774181
"1010"	"H3"	450663	451610
"1011"	"H3"	448650	450641
"1012"	"H3"	448046	448660
"1013"	"H3"	447717	448046
"1014"	"H3"	446815	447705
"1015"	"H3"	1333855	1334829
"1016"	"H3"	3497828	3499201
"1017"	"H3"	2887578	2888312
"1018"	"H3"	2591607	2592734
"1019"	"H3"	1625335	1627380
"1020"	"H3"	4347404	4348744
"1021"	"H3"	4349315	4350034
"1022"	"H3"	4350031	4351662
"1023"	"H3"	399829	400923
"1024"	"H3"	102233	103153
"1025"	"H3"	1559014	1559910
"1026"	"H3"	180884	182308
"1027"	"H3"	179237	180754
"1028"	"H3"	250898	251953
"1029"	"H3"	1121242	1121487
"1030"	"H3"	848408	848911
"1031"	"H3"	4043418	4044044
"1032"	"H3"	637827	638573
"1033"	"H3"	2024635	2024823
"1034"	"H3"	3225722	3226171
"1035"	"H3"	2303905	2304393
"1036"	"H3"	305174	306817
"1037"	"H3"	2381082	2381543
"1038"	"H3"	2482176	2483339
"1039"	"H3"	3072672	3073691
"1040"	"H3"	2574978	2575457
"1041"	"H3"	2574302	2575003
"1042"	"H3"	2573502	2574305
"1043"	"H3"	2483755	2484369
"1044"	"H3"	2484374	2487967
"1045"	"H3"	2461306	2462646
"1046"	"H3"	3070165	3071244
"1047"	"H3"	4086016	4086849
"1048"	"H3"	4080299	4081228
"1049"	"H3"	1550461	1551345
"1050"	"H3"	1551338	1551991
"1051"	"H3"	4081225	4081860
"1052"	"H3"	546680	548347
"1053"	"H3"	3540163	3540390
"1054"	"H3"	3540407	3542728
"1055"	"H3"	618254	619387
"1056"	"H3"	4548808	4549710
"1057"	"H3"	42403	43173
"1058"	"H3"	43188	44129
"1059"	"H3"	44180	45466
"1060"	"H3"	45463	45750
"1061"	"H3"	1977266	1977844
"1062"	"H3"	1977847	1978197
"1063"	"H3"	2022893	2023678
"1064"	"H3"	953609	954466
"1065"	"H3"	157253	157732
"1066"	"H3"	2421325	2421687
"1067"	"H3"	2492004	2493254
"1068"	"H3"	103982	105244
"1069"	"H3"	91413	93179
"1070"	"H3"	91032	91397
"1071"	"H3"	103155	103985
"1072"	"H3"	98403	99647
"1073"	"H3"	105305	106456
"1074"	"H3"	2933041	2933688
"1075"	"H3"	2935584	2937359
"1076"	"H3"	2937468	2938886
"1077"	"H3"	2934235	2935551
"1078"	"H3"	2939368	2940099
"1079"	"H3"	2938888	2939310
"1080"	"H3"	4368664	4369140
"1081"	"H3"	1568954	1570489
"1082"	"H3"	3658366	3658893
"1083"	"H3"	3663890	3664618
"1084"	"H3"	3664986	3665810
"1085"	"H3"	1291457	1292365
"1086"	"H3"	3275282	3276853
"1087"	"H3"	3270625	3271770
"1088"	"H3"	3272787	3273557
"1089"	"H3"	3273573	3274907
"1090"	"H3"	3271867	3272751
"1091"	"H3"	2174597	2175049
"1092"	"H3"	2174282	2174566
"1093"	"H3"	2171833	2172873
"1094"	"H3"	3191739	3191939
"1095"	"H3"	234027	234782
"1096"	"H3"	2349935	2351011
"1097"	"H3"	541888	543033
"1098"	"H3"	536586	537464
"1099"	"H3"	1344757	1346742
"1100"	"H3"	2099862	2101268
"1101"	"H3"	3465543	3466220
"1102"	"H3"	3136663	3138522
"1103"	"H3"	2632604	2634070
"1104"	"H3"	2035835	2036686
"1105"	"H3"	3656408	3656740
"1106"	"H3"	3655966	3656292
"1107"	"H3"	3656995	3657567
"1108"	"H3"	1697273	1698040
"1109"	"H3"	480090	480308
"1110"	"H3"	1292509	1292922
"1111"	"H3"	3142986	3144164
"1112"	"H3"	3140792	3141286
"1113"	"H3"	3140311	3140799
"1114"	"H3"	3139977	3140318
"1115"	"H3"	3139716	3139964
"1116"	"H3"	535710	536486
"1117"	"H3"	2876581	2877618
"1118"	"H3"	3033065	3033613
"1119"	"H3"	87357	87848
"1120"	"H3"	85630	87354
"1121"	"H3"	3283143	3284003
"1122"	"H3"	3791355	3792551
"1123"	"H3"	2983288	2984124
"1124"	"H3"	81958	83529
"1125"	"H3"	80867	81958
"1126"	"H3"	79464	80864
"1127"	"H3"	78848	79453
"1128"	"H3"	84368	85312
"1129"	"H3"	661637	662278
"1130"	"H3"	3592724	3593437
"1131"	"H3"	3593439	3594206
"1132"	"H3"	3595477	3596403
"1133"	"H3"	3596451	3597560
"1134"	"H3"	3594203	3595480
"1135"	"H3"	1757421	1757657
"1136"	"H3"	106557	107474
"1137"	"H3"	2405703	2406641
"1138"	"H3"	4231884	4233233
"1139"	"H3"	479367	479918
"1140"	"H3"	3172530	3173111
"1141"	"H3"	3659232	3660389
"1142"	"H3"	1672820	1673149
"1143"	"H3"	1673136	1673501
"1144"	"H3"	4132616	4133506
"1145"	"H3"	4129835	4132267
"1146"	"H3"	2239350	2240348
"1147"	"H3"	4467625	4470321
"1148"	"H3"	1225385	1226080
"1149"	"H3"	1224549	1225361
"1150"	"H3"	1224279	1224545
"1151"	"H3"	1865726	1866472
"1152"	"H3"	1393227	1394840
"1153"	"H3"	96002	97084
"1154"	"H3"	89634	90092
"1155"	"H3"	3438024	3438434
"1156"	"H3"	100765	102240
"1157"	"H3"	97087	98403
"1158"	"H3"	93166	94653
"1159"	"H3"	94650	96008
"1160"	"H3"	99644	100711
"1161"	"H3"	2061016	2061933
"1162"	"H3"	2298269	2298718
"1163"	"H3"	2302750	2303013
"1164"	"H3"	2303003	2303497
"1165"	"H3"	2299565	2300260
"1166"	"H3"	1285849	1286526
"1167"	"H3"	1285139	1285849
"1168"	"H3"	2290500	2291147
"1169"	"H3"	17489	18655
"1170"	"H3"	18715	19620
"1171"	"H3"	3839175	3839993
"1172"	"H3"	1792267	1792731
"1173"	"H3"	2344865	2347150
"1174"	"H3"	2347384	2348514
"1175"	"H3"	2803502	2804461
"1176"	"H3"	1711523	1712158
"1177"	"H3"	2311646	2312749
"1178"	"H3"	1381947	1382852
"1179"	"H3"	1435760	1436893
"1180"	"H3"	1314020	1314658
"1181"	"H3"	1301182	1302813
"1182"	"H3"	1302899	1303819
"1183"	"H3"	1303834	1304742
"1184"	"H3"	1304754	1305767
"1185"	"H3"	1305764	1306768
"1186"	"H3"	1343110	1343328
"1187"	"H3"	1556625	1557056
"1188"	"H3"	1980188	1981612
"1189"	"H3"	2490256	2491950
"1190"	"H3"	148807	149601
"1191"	"H3"	147944	148795
"1192"	"H3"	1806370	1807299
"1193"	"H3"	3071459	3072622
"1194"	"H3"	713558	715198
"1195"	"H3"	1797959	1798942
"1196"	"H3"	401747	403162
"1197"	"H3"	259045	260100
"1198"	"H3"	1084992	1086056
"1199"	"H3"	3906853	3907578
"1200"	"H3"	1676371	1677903
"1201"	"H3"	1674972	1676360
"1202"	"H3"	4046966	4049752
"1203"	"H3"	1181783	1182829
"1204"	"H3"	716946	718265
"1205"	"H3"	2859760	2860416
"1206"	"H3"	1572407	1575202
"1207"	"H3"	261503	262756
"1208"	"H3"	260388	261491
"1209"	"H3"	2804815	2806017
"1210"	"H3"	2806010	2807074
"1211"	"H3"	2807132	2808124
"1212"	"H3"	346857	348443
"1213"	"H3"	403281	403601
"1214"	"H3"	1369689	1370003
"1215"	"H3"	1755698	1757110
"1216"	"H3"	1004768	1005778
"1217"	"H3"	4470986	4471447
"1218"	"H3"	3169828	3170487
"1219"	"H3"	3170484	3171833
"1220"	"H3"	4003288	4004178
"1221"	"H3"	3626803	3629538
"1222"	"H3"	2023968	2024591
"1223"	"H3"	4093448	4094272
"1224"	"H3"	849210	850097
"1225"	"H3"	3183813	3184466
"1226"	"H3"	683477	684412
"1227"	"H3"	2254245	2255186
"1228"	"H3"	4409275	4410006
"1229"	"H3"	4426108	4426557
"1230"	"H3"	1799393	1799749
"1231"	"H3"	1799802	1799999
"1232"	"H3"	4425118	4425513
"1233"	"H3"	4425839	4426066
"1234"	"H3"	1705767	1706348
"1235"	"H3"	1706348	1706926
"1236"	"H3"	1706919	1709141
"1237"	"H3"	1709142	1710200
"1238"	"H3"	1710828	1711523
"1239"	"H3"	1710204	1710824
"1240"	"H3"	1945365	1945976
"1241"	"H3"	1944346	1945356
"1242"	"H3"	1946855	1947376
"1243"	"H3"	2232878	2233597
"1244"	"H3"	1996110	1996832
"1245"	"H3"	3758017	3759861
"1246"	"H3"	712987	713532
"1247"	"H3"	75644	77299
"1248"	"H3"	2053643	2054959
"1249"	"H3"	2456327	2456812
"1250"	"H3"	3653961	3654527
"1251"	"H3"	1720390	1720824
"1252"	"H3"	1119468	1120586
"1253"	"H3"	4277060	4277383
"1254"	"H3"	3082877	3083797
"1255"	"H3"	1656184	1656744
"1256"	"H3"	1825140	1825625
"1257"	"H3"	2652494	2653339
"1258"	"H3"	3019161	3020489
"1259"	"H3"	2798091	2798495
"1260"	"H3"	1607346	1608104
"1261"	"H3"	385232	386194
"1262"	"H3"	386207	386974
"1263"	"H3"	386971	387798
"1264"	"H3"	387795	388646
"1265"	"H3"	3266127	3267065
"1266"	"H3"	3265039	3266028
"1267"	"H3"	3263686	3265017
"1268"	"H3"	3259721	3260110
"1269"	"H3"	3790320	3791345
"1270"	"H3"	1293527	1294144
"1271"	"H3"	1501562	1502155
"1272"	"H3"	519139	519765
"1273"	"H3"	72911	74521
"1274"	"H3"	72229	72927
"1275"	"H3"	1800642	1802570
"1276"	"H3"	3888730	3890145
"1277"	"H3"	1957032	1958132
"1278"	"H3"	1245679	1247376
"1279"	"H3"	3669592	3671241
"1280"	"H3"	1316416	1317222
"1281"	"H3"	1318427	1319788
"1282"	"H3"	1319789	1321384
"1283"	"H3"	3206463	3207374
"1284"	"H3"	3207371	3207976
"1285"	"H3"	4267114	4268307
"1286"	"H3"	1692890	1694263
"1287"	"H3"	1691586	1692851
"1288"	"H3"	4419980	4421377
"1289"	"H3"	4421393	4421698
"1290"	"H3"	4421708	4422172
"1291"	"H3"	4422186	4422836
"1292"	"H3"	4422846	4423700
"1293"	"H3"	4423700	4424386
"1294"	"H3"	4418561	4419625
"1295"	"H3"	1435185	1435619
"1296"	"H3"	1992874	1994706
"1297"	"H3"	1994703	1995359
"1298"	"H3"	4554576	4555349
"1299"	"H3"	2132558	2133397
"1300"	"H3"	2132067	2132555
"1301"	"H3"	2129661	2130878
"1302"	"H3"	2128904	2129650
"1303"	"H3"	2128340	2128888
"1304"	"H3"	2124523	2125746
"1305"	"H3"	2120160	2121554
"1306"	"H3"	1067112	1067708
"1307"	"H3"	2136104	2137243
"1308"	"H3"	2135655	2136098
"1309"	"H3"	2118680	2120158
"1310"	"H3"	3000345	3002603
"1311"	"H3"	3002614	3003492
"1312"	"H3"	3003489	3003968
"1313"	"H3"	3731131	3732123
"1314"	"H3"	3732201	3733742
"1315"	"H3"	3733720	3734901
"1316"	"H3"	3734979	3736157
"1317"	"H3"	151003	151599
"1318"	"H3"	156299	156883
"1319"	"H3"	244327	245094
"1320"	"H3"	245065	245805
"1321"	"H3"	252709	253161
"1322"	"H3"	332371	333459
"1323"	"H3"	334525	335022
"1324"	"H3"	335280	335885
"1325"	"H3"	335925	336788
"1326"	"H3"	342884	343933
"1327"	"H3"	345666	346337
"1328"	"H3"	346484	346759
"1329"	"H3"	408177	408461
"1330"	"H3"	394506	395129
"1331"	"H3"	514401	514859
"1332"	"H3"	518340	519149
"1333"	"H3"	537633	539087
"1334"	"H3"	540565	541866
"1335"	"H3"	550439	551332
"1336"	"H3"	587091	587981
"1337"	"H3"	603416	604663
"1338"	"H3"	634747	635376
"1339"	"H3"	636716	637618
"1340"	"H3"	675018	675500
"1341"	"H3"	799622	800575
"1342"	"H3"	803503	805764
"1343"	"H3"	819884	820588
"1344"	"H3"	820793	821506
"1345"	"H3"	916473	918131
"1346"	"H3"	882792	883388
"1347"	"H3"	888134	889819
"1348"	"H3"	890089	890466
"1349"	"H3"	1066864	1067091
"1350"	"H3"	1052289	1053362
"1351"	"H3"	1117901	1118476
"1352"	"H3"	1118480	1119046
"1353"	"H3"	1226600	1226968
"1354"	"H3"	1227714	1228007
"1355"	"H3"	1228815	1229276
"1356"	"H3"	1298598	1299245
"1357"	"H3"	1312351	1312890
"1358"	"H3"	1312920	1313663
"1359"	"H3"	1342658	1342984
"1360"	"H3"	1310569	1310865
"1361"	"H3"	1343597	1344346
"1362"	"H3"	1306821	1307150
"1363"	"H3"	1373222	1374103
"1364"	"H3"	1374090	1374932
"1365"	"H3"	1376034	1376822
"1366"	"H3"	1376832	1377887
"1367"	"H3"	1377884	1380151
"1368"	"H3"	1380148	1380807
"1369"	"H3"	1382963	1383961
"1370"	"H3"	1406563	1407795
"1371"	"H3"	1408050	1409033
"1372"	"H3"	1445880	1446206
"1373"	"H3"	1502457	1503125
"1374"	"H3"	1511654	1512799
"1375"	"H3"	1512817	1513830
"1376"	"H3"	1513831	1514772
"1377"	"H3"	1517389	1517562
"1378"	"H3"	1517882	1518331
"1379"	"H3"	1546288	1547169
"1380"	"H3"	1533282	1533851
"1381"	"H3"	1567504	1568823
"1382"	"H3"	1579633	1580790
"1383"	"H3"	1580842	1582524
"1384"	"H3"	1582926	1583687
"1385"	"H3"	1584207	1586486
"1386"	"H3"	1586820	1587734
"1387"	"H3"	1629453	1630913
"1388"	"H3"	1703268	1704308
"1389"	"H3"	1705250	1705690
"1390"	"H3"	1748747	1749559
"1391"	"H3"	1749563	1750348
"1392"	"H3"	1751728	1753830
"1393"	"H3"	1751077	1751724
"1394"	"H3"	1750345	1751013
"1395"	"H3"	1753851	1754477
"1396"	"H3"	1754932	1755141
"1397"	"H3"	1773789	1774655
"1398"	"H3"	1775587	1777182
"1399"	"H3"	1770615	1770971
"1400"	"H3"	1771071	1772285
"1401"	"H3"	1772512	1773777
"1402"	"H3"	1777196	1778347
"1403"	"H3"	1778390	1779301
"1404"	"H3"	1779617	1780381
"1405"	"H3"	1780401	1781339
"1406"	"H3"	1781395	1782684
"1407"	"H3"	1782681	1782974
"1408"	"H3"	1789808	1791244
"1409"	"H3"	1854096	1854854
"1410"	"H3"	1855981	1856928
"1411"	"H3"	1856933	1857769
"1412"	"H3"	1858850	1860229
"1413"	"H3"	1866908	1868842
"1414"	"H3"	1868955	1870238
"1415"	"H3"	1870385	1871860
"1416"	"H3"	1872041	1873531
"1417"	"H3"	1873574	1874077
"1418"	"H3"	1877715	1878740
"1419"	"H3"	1879007	1879255
"1420"	"H3"	1879589	1879948
"1421"	"H3"	1946251	1946853
"1422"	"H3"	1908261	1908548
"1423"	"H3"	1910276	1911649
"1424"	"H3"	1989251	1989490
"1425"	"H3"	1988222	1988545
"1426"	"H3"	2007677	2008090
"1427"	"H3"	2032384	2033079
"1428"	"H3"	2038152	2038823
"1429"	"H3"	2039478	2040482
"1430"	"H3"	2040483	2041118
"1431"	"H3"	2056858	2057574
"1432"	"H3"	2147674	2149026
"1433"	"H3"	2137902	2139485
"1434"	"H3"	2168712	2169611
"1435"	"H3"	2187380	2188414
"1436"	"H3"	2191680	2192222
"1437"	"H3"	2204596	2205684
"1438"	"H3"	2207967	2209103
"1439"	"H3"	2251700	2252788
"1440"	"H3"	2255355	2256014
"1441"	"H3"	2233600	2233839
"1442"	"H3"	2348514	2348768
"1443"	"H3"	2340417	2344169
"1444"	"H3"	2363733	2364275
"1445"	"H3"	2386934	2387437
"1446"	"H3"	2408862	2409461
"1447"	"H3"	2444751	2445560
"1448"	"H3"	2421708	2422601
"1449"	"H3"	2443891	2444169
"1450"	"H3"	2449228	2450049
"1451"	"H3"	2450051	2450590
"1452"	"H3"	2450587	2451075
"1453"	"H3"	2451072	2451584
"1454"	"H3"	2455083	2455646
"1455"	"H3"	2460650	2460934
"1456"	"H3"	2465301	2466233
"1457"	"H3"	2495050	2495292
"1458"	"H3"	2591247	2591603
"1459"	"H3"	2626695	2628938
"1460"	"H3"	2629792	2630310
"1461"	"H3"	2630326	2630865
"1462"	"H3"	2699663	2699923
"1463"	"H3"	2743625	2744107
"1464"	"H3"	2742383	2743609
"1465"	"H3"	2741875	2742393
"1466"	"H3"	2799650	2799994
"1467"	"H3"	2797520	2798044
"1468"	"H3"	2797211	2797510
"1469"	"H3"	2901896	2903374
"1470"	"H3"	2905711	2906583
"1471"	"H3"	2897964	2899418
"1472"	"H3"	2899488	2900273
"1473"	"H3"	3004008	3005786
"1474"	"H3"	3006262	3007452
"1475"	"H3"	3016060	3019158
"1476"	"H3"	3028524	3029012
"1477"	"H3"	3074686	3075195
"1478"	"H3"	3098558	3099565
"1479"	"H3"	3146450	3146737
"1480"	"H3"	3173142	3173456
"1481"	"H3"	3226234	3227667
"1482"	"H3"	3227801	3228871
"1483"	"H3"	3228888	3231239
"1484"	"H3"	3252304	3252669
"1485"	"H3"	3255341	3256651
"1486"	"H3"	3256679	3258010
"1487"	"H3"	3385538	3385801
"1488"	"H3"	3411653	3412537
"1489"	"H3"	3412621	3412800
"1490"	"H3"	3418390	3418611
"1491"	"H3"	3420134	3421315
"1492"	"H3"	3421325	3422428
"1493"	"H3"	3422436	3423194
"1494"	"H3"	3499448	3499615
"1495"	"H3"	3625679	3626803
"1496"	"H3"	3579768	3580805
"1497"	"H3"	3581138	3581626
"1498"	"H3"	3655255	3655902
"1499"	"H3"	3634841	3635893
"1500"	"H3"	3667791	3669188
"1501"	"H3"	3671292	3671894
"1502"	"H3"	3672414	3673313
"1503"	"H3"	3695997	3696185
"1504"	"H3"	3727407	3727748
"1505"	"H3"	3719478	3719768
"1506"	"H3"	3756676	3757827
"1507"	"H3"	3761347	3761955
"1508"	"H3"	3770243	3771379
"1509"	"H3"	3788101	3789060
"1510"	"H3"	3832219	3834537
"1511"	"H3"	3838248	3839171
"1512"	"H3"	3840215	3840508
"1513"	"H3"	3860283	3861176
"1514"	"H3"	4044199	4045629
"1515"	"H3"	4045670	4046602
"1516"	"H3"	4077449	4078438
"1517"	"H3"	4079297	4079509
"1518"	"H3"	4112315	4112755
"1519"	"H3"	4112967	4113266
"1520"	"H3"	4231359	4231631
"1521"	"H3"	4236262	4236900
"1522"	"H3"	4236897	4237634
"1523"	"H3"	4270238	4270654
"1524"	"H3"	4270658	4271014
"1525"	"H3"	4274760	4275041
"1526"	"H3"	4275471	4277057
"1527"	"H3"	4329360	4330238
"1528"	"H3"	4351843	4352073
"1529"	"H3"	4352085	4352357
"1530"	"H3"	4383839	4385341
"1531"	"H3"	4413028	4414191
"1532"	"H3"	4410133	4410534
"1533"	"H3"	4410553	4411251
"1534"	"H3"	4411302	4411961
"1535"	"H3"	4411979	4412377
"1536"	"H3"	4412387	4413025
"1537"	"H3"	4479034	4479537
"1538"	"H3"	4488561	4490063
"1539"	"H3"	4561497	4562675
"1540"	"H3"	4562743	4563603
"1541"	"H3"	4602088	4602858
"1542"	"H3"	4603477	4604202
"1543"	"H3"	321608	322327
"1544"	"H3"	323758	324453
"1545"	"H3"	312514	312777
"1546"	"H3"	549627	550442
"1547"	"H3"	872979	875327
"1548"	"H3"	875335	876663
"1549"	"H3"	1105820	1106353
"1550"	"H3"	1394891	1395922
"1551"	"H3"	1397365	1397622
"1552"	"H3"	1445687	1445872
"1553"	"H3"	1520963	1523065
"1554"	"H3"	1656747	1657457
"1555"	"H3"	1893367	1893711
"1556"	"H3"	1894133	1894432
"1557"	"H3"	1879403	1879585
"1558"	"H3"	1904801	1905259
"1559"	"H3"	2592762	2592962
"1560"	"H3"	2675827	2676825
"1561"	"H3"	2676850	2678361
"1562"	"H3"	2796870	2797028
"1563"	"H3"	2900592	2901869
"1564"	"H3"	3014287	3015057
"1565"	"H3"	2984411	2985592
"1566"	"H3"	2985847	2987076
"1567"	"H3"	3184840	3185130
"1568"	"H3"	3192208	3192837
"1569"	"H3"	4428079	4428717
"1570"	"H3"	3055612	3055941
"1571"	"H3"	3182550	3183323
"1572"	"H4"	179238	180753
"1573"	"H4"	252710	253160
"1574"	"H4"	259046	260099
"1575"	"H4"	335281	335884
"1576"	"H4"	345667	346336
"1577"	"H4"	479368	479917
"1578"	"H4"	535711	536485
"1579"	"H4"	537634	539086
"1580"	"H4"	636717	637617
"1581"	"H4"	888135	889818
"1582"	"H4"	1004769	1005777
"1583"	"H4"	1103952	1104405
"1584"	"H4"	1116808	1117858
"1585"	"H4"	1119469	1120585
"1586"	"H4"	1226601	1226967
"1587"	"H4"	1301183	1302812
"1588"	"H4"	1343111	1343327
"1589"	"H4"	1393228	1394839
"1590"	"H4"	1406564	1407794
"1591"	"H4"	1435186	1435618
"1592"	"H4"	1584208	1586485
"1593"	"H4"	1696463	1697051
"1594"	"H4"	1705251	1705689
"1595"	"H4"	1751729	1753829
"1596"	"H4"	1755699	1757109
"1597"	"H4"	1770616	1770970
"1598"	"H4"	1771072	1772284
"1599"	"H4"	1774687	1775443
"1600"	"H4"	1777197	1778346
"1601"	"H4"	1817149	1818499
"1602"	"H4"	1868956	1870237
"1603"	"H4"	1872042	1873530
"1604"	"H4"	1945366	1945975
"1605"	"H4"	1996111	1996831
"1606"	"H4"	2023969	2024590
"1607"	"H4"	2038153	2038822
"1608"	"H4"	2040484	2041117
"1609"	"H4"	2055062	2056514
"1610"	"H4"	2174283	2174565
"1611"	"H4"	2254246	2255185
"1612"	"H4"	2363734	2364274
"1613"	"H4"	2365019	2365619
"1614"	"H4"	2381083	2381542
"1615"	"H4"	2482177	2483338
"1616"	"H4"	2490257	2491949
"1617"	"H4"	2796871	2797027
"1618"	"H4"	2797521	2798043
"1619"	"H4"	2799651	2799993
"1620"	"H4"	2897965	2899417
"1621"	"H4"	2899489	2900272
"1622"	"H4"	2983289	2984123
"1623"	"H4"	2984412	2985591
"1624"	"H4"	3004009	3005785
"1625"	"H4"	3014288	3015056
"1626"	"H4"	3191740	3191938
"1627"	"H4"	3226235	3227666
"1628"	"H4"	3263687	3265016
"1629"	"H4"	3265040	3266027
"1630"	"H4"	3283144	3284002
"1631"	"H4"	3284171	3284645
"1632"	"H4"	3384704	3385172
"1633"	"H4"	3411654	3412536
"1634"	"H4"	4174077	4175025
"1635"	"H4"	4133836	4136014
"1636"	"H4"	4112968	4113265
"1637"	"H4"	4045671	4046601
"1638"	"H4"	3758018	3759860
"1639"	"H4"	3732202	3733741
"1640"	"H4"	3696459	3698028
"1641"	"H4"	3672415	3673312
"1642"	"H4"	3671293	3671893
"1643"	"H4"	3656996	3657566
"1644"	"H4"	3656409	3656739
"1645"	"H4"	3655967	3656291
"1646"	"H4"	3499449	3499614
"1647"	"H4"	3466798	3466990
"1648"	"H4"	3438025	3438433
"1649"	"H4"	4269415	4270126
"1650"	"H4"	4335695	4337030
"1651"	"H4"	4410134	4410533
"1652"	"H4"	4410554	4411250
"1653"	"H4"	4561498	4562674
"1654"	"H4"	4604161	4604836
"1655"	"H5"	119282	120134
"1656"	"H5"	134389	134749
"1657"	"H5"	141432	141966
"1658"	"H5"	231927	232548
"1659"	"H5"	240344	240815
"1660"	"H5"	441550	442996
"1661"	"H5"	444684	445173
"1662"	"H5"	472967	474251
"1663"	"H5"	476673	477024
"1664"	"H5"	554612	555995
"1665"	"H5"	601960	603334
"1666"	"H5"	639754	641317
"1667"	"H5"	657293	657500
"1668"	"H5"	785634	786684
"1669"	"H5"	853648	854764
"1670"	"H5"	880728	881928
"1671"	"H5"	890090	890465
"1672"	"H5"	920348	922292
"1673"	"H5"	1024472	1026524
"1674"	"H5"	1100297	1100786
"1675"	"H5"	1116808	1117858
"1676"	"H5"	1185845	1187069
"1677"	"H5"	1226601	1226967
"1678"	"H5"	1258792	1259068
"1679"	"H5"	1305765	1306767
"1680"	"H5"	1335832	1338505
"1681"	"H5"	1393228	1394839
"1682"	"H5"	1409512	1410883
"1683"	"H5"	1617029	1618217
"1684"	"H5"	1629216	1629417
"1685"	"H5"	1719877	1720342
"1686"	"H5"	1741414	1742560
"1687"	"H5"	1743458	1744829
"1688"	"H5"	1777197	1778346
"1689"	"H5"	1863851	1864733
"1690"	"H5"	1876910	1877255
"1691"	"H5"	2006157	2007642
"1692"	"H5"	2023969	2024590
"1693"	"H5"	2211226	2211685
"1694"	"H5"	2222186	2223899
"1695"	"H5"	2282518	2282800
"1696"	"H5"	2339568	2340288
"1697"	"H5"	2348515	2348767
"1698"	"H5"	2417082	2418600
"1699"	"H5"	2737746	2738904
"1700"	"H5"	2797521	2798043
"1701"	"H5"	2971598	2972636
"1702"	"H5"	3003490	3003967
"1703"	"H5"	3039856	3040375
"1704"	"H5"	3153564	3154221
"1705"	"H5"	3216780	3217401
"1706"	"H5"	3327791	3328082
"1707"	"H5"	3334910	3335186
"1708"	"H5"	3385539	3385800
"1709"	"H5"	4174077	4175025
"1710"	"H5"	4162171	4163269
"1711"	"H5"	4045671	4046601
"1712"	"H5"	3993740	3994058
"1713"	"H5"	3962746	3964228
"1714"	"H5"	3959533	3959812
"1715"	"H5"	3948450	3949968
"1716"	"H5"	3718335	3719043
"1717"	"H5"	3671293	3671893
"1718"	"H5"	3525590	3526148
"1719"	"H5"	3485415	3485817
"1720"	"H5"	3477908	3478496
"1721"	"H5"	4330503	4332003
"1722"	"H5"	4414276	4415899
"1723"	"H5"	4434114	4434492
"1724"	"H5"	4439588	4439792
"1725"	"H5"	4453584	4454577
"1726"	"H5"	4604161	4604836
"1727"	"H5"	4638179	4639529
"1728"	"H6"	6530	7958
"1729"	"H6"	47770	49630
"1730"	"H6"	105306	106455
"1731"	"H6"	117753	118644
"1732"	"H6"	125696	127586
"1733"	"H6"	129408	131259
"1734"	"H6"	131616	134211
"1735"	"H6"	138836	141224
"1736"	"H6"	144578	145016
"1737"	"H6"	160150	160603
"1738"	"H6"	173603	174881
"1739"	"H6"	175108	176527
"1740"	"H6"	179238	180753
"1741"	"H6"	185979	188649
"1742"	"H6"	190858	191707
"1743"	"H6"	192873	193428
"1744"	"H6"	193522	194716
"1745"	"H6"	213926	214124
"1746"	"H6"	217058	218774
"1747"	"H6"	221615	222644
"1748"	"H6"	229968	230880
"1749"	"H6"	234028	234781
"1750"	"H6"	239420	240188
"1751"	"H6"	240860	243302
"1752"	"H6"	256528	257770
"1753"	"H6"	259046	260099
"1754"	"H6"	345667	346336
"1755"	"H6"	403282	403600
"1756"	"H6"	405765	406221
"1757"	"H6"	407429	408104
"1758"	"H6"	411298	412480
"1759"	"H6"	420987	422358
"1760"	"H6"	478782	479250
"1761"	"H6"	484427	485618
"1762"	"H6"	491413	491962
"1763"	"H6"	494406	495009
"1764"	"H6"	497176	497818
"1765"	"H6"	499015	499972
"1766"	"H6"	508876	511378
"1767"	"H6"	621186	622188
"1768"	"H6"	658032	658817
"1769"	"H6"	672202	674782
"1770"	"H6"	710936	711464
"1771"	"H6"	711606	711897
"1772"	"H6"	712039	712801
"1773"	"H6"	774310	774601
"1774"	"H6"	784938	785316
"1775"	"H6"	797614	798430
"1776"	"H6"	823737	824496
"1777"	"H6"	829973	830642
"1778"	"H6"	849211	850096
"1779"	"H6"	888135	889818
"1780"	"H6"	890497	890752
"1781"	"H6"	897085	897928
"1782"	"H6"	912163	913813
"1783"	"H6"	956763	957453
"1784"	"H6"	961996	963667
"1785"	"H6"	970853	971597
"1786"	"H6"	976327	980785
"1787"	"H6"	987586	988984
"1788"	"H6"	1004769	1005777
"1789"	"H6"	1016540	1018298
"1790"	"H6"	1023903	1024347
"1791"	"H6"	1026558	1027014
"1792"	"H6"	1057263	1057953
"1793"	"H6"	1115663	1116581
"1794"	"H6"	1119469	1120585
"1795"	"H6"	1121562	1122606
"1796"	"H6"	1129836	1130127
"1797"	"H6"	1137372	1138311
"1798"	"H6"	1146795	1147314
"1799"	"H6"	1156778	1157573
"1800"	"H6"	1165144	1165684
"1801"	"H6"	1168201	1168831
"1802"	"H6"	1228080	1228737
"1803"	"H6"	1272120	1272348
"1804"	"H6"	1288675	1289131
"1805"	"H6"	1290243	1291254
"1806"	"H6"	1338571	1339159
"1807"	"H6"	1343111	1343327
"1808"	"H6"	1346979	1348911
"1809"	"H6"	1366936	1367911
"1810"	"H6"	1382964	1383960
"1811"	"H6"	1390934	1391852
"1812"	"H6"	1397673	1398621
"1813"	"H6"	1406564	1407794
"1814"	"H6"	1435186	1435618
"1815"	"H6"	1487236	1488034
"1816"	"H6"	1533283	1533850
"1817"	"H6"	1534966	1535857
"1818"	"H6"	1567505	1568822
"1819"	"H6"	1584208	1586485
"1820"	"H6"	1609230	1610679
"1821"	"H6"	1625336	1627379
"1822"	"H6"	1655348	1655672
"1823"	"H6"	1656748	1657456
"1824"	"H6"	1666525	1667218
"1825"	"H6"	1668700	1669591
"1826"	"H6"	1681696	1682029
"1827"	"H6"	1688577	1689750
"1828"	"H6"	1696463	1697051
"1829"	"H6"	1700958	1702128
"1830"	"H6"	1705251	1705689
"1831"	"H6"	1715949	1717221
"1832"	"H6"	1717352	1718006
"1833"	"H6"	1724135	1724654
"1834"	"H6"	1726660	1727755
"1835"	"H6"	1738867	1739797
"1836"	"H6"	1739912	1741121
"1837"	"H6"	1746701	1747004
"1838"	"H6"	1755699	1757109
"1839"	"H6"	1771072	1772284
"1840"	"H6"	1788436	1789480
"1841"	"H6"	1792268	1792730
"1842"	"H6"	1799394	1799748
"1843"	"H6"	1807401	1807689
"1844"	"H6"	1809381	1810047
"1845"	"H6"	1822459	1823284
"1846"	"H6"	1832429	1833233
"1847"	"H6"	1838748	1839399
"1848"	"H6"	1864783	1865635
"1849"	"H6"	1868956	1870237
"1850"	"H6"	1877279	1877531
"1851"	"H6"	1889952	1890531
"1852"	"H6"	1894553	1894730
"1853"	"H6"	1921781	1922015
"1854"	"H6"	1925109	1925337
"1855"	"H6"	1930458	1930746
"1856"	"H6"	1945366	1945975
"1857"	"H6"	1981588	1982386
"1858"	"H6"	1996111	1996831
"1859"	"H6"	2005714	2006077
"1860"	"H6"	2007678	2008089
"1861"	"H6"	2018387	2019512
"1862"	"H6"	2038153	2038822
"1863"	"H6"	2040484	2041117
"1864"	"H6"	2055062	2056514
"1865"	"H6"	2059965	2060913
"1866"	"H6"	2079534	2080590
"1867"	"H6"	2231020	2231713
"1868"	"H6"	2248738	2249617
"1869"	"H6"	2249718	2250765
"1870"	"H6"	2254246	2255185
"1871"	"H6"	2265451	2266021
"1872"	"H6"	2266246	2267710
"1873"	"H6"	2270727	2272281
"1874"	"H6"	2277894	2278236
"1875"	"H6"	2279789	2280482
"1876"	"H6"	2306973	2308614
"1877"	"H6"	2362432	2363632
"1878"	"H6"	2363734	2364274
"1879"	"H6"	2365019	2365619
"1880"	"H6"	2381083	2381542
"1881"	"H6"	2482177	2483338
"1882"	"H6"	2495051	2495291
"1883"	"H6"	2508462	2509425
"1884"	"H6"	2525931	2526855
"1885"	"H6"	2551714	2552137
"1886"	"H6"	2622235	2622871
"1887"	"H6"	2639302	2640574
"1888"	"H6"	2647327	2652286
"1889"	"H6"	2714440	2715319
"1890"	"H6"	2746435	2747794
"1891"	"H6"	2751796	2753455
"1892"	"H6"	2796871	2797027
"1893"	"H6"	2799651	2799993
"1894"	"H6"	2810345	2810678
"1895"	"H6"	2830776	2832288
"1896"	"H6"	2875422	2876328
"1897"	"H6"	2899489	2900272
"1898"	"H6"	2908030	2909665
"1899"	"H6"	2924736	2925279
"1900"	"H6"	2969663	2970350
"1901"	"H6"	2971272	2971488
"1902"	"H6"	2983289	2984123
"1903"	"H6"	2984412	2985591
"1904"	"H6"	3004009	3005785
"1905"	"H6"	3014288	3015056
"1906"	"H6"	3021317	3024185
"1907"	"H6"	3038848	3039742
"1908"	"H6"	3042490	3043147
"1909"	"H6"	3090348	3091053
"1910"	"H6"	3091879	3092827
"1911"	"H6"	3148978	3149470
"1912"	"H6"	3155356	3156517
"1913"	"H6"	3177282	3177909
"1914"	"H6"	3191740	3191938
"1915"	"H6"	3204222	3204588
"1916"	"H6"	3235961	3236462
"1917"	"H6"	3236541	3237231
"1918"	"H6"	3237312	3238296
"1919"	"H6"	3241194	3241743
"1920"	"H6"	3250078	3250375
"1921"	"H6"	3277857	3278664
"1922"	"H6"	3299473	3299914
"1923"	"H6"	3311416	3311683
"1924"	"H6"	3325002	3326934
"1925"	"H6"	3328240	3328714
"1926"	"H6"	3333141	3333450
"1927"	"H6"	3333711	3334680
"1928"	"H6"	3347967	3348237
"1929"	"H6"	3378224	3378650
"1930"	"H6"	3384704	3385172
"1931"	"H6"	3385858	3386128
"1932"	"H6"	3389135	3389336
"1933"	"H6"	3411272	3411566
"1934"	"H6"	4200282	4200552
"1935"	"H6"	4163640	4165482
"1936"	"H6"	4155002	4156004
"1937"	"H6"	4136109	4137012
"1938"	"H6"	4133836	4136014
"1939"	"H6"	4122381	4123338
"1940"	"H6"	4114570	4115578
"1941"	"H6"	4112968	4113265
"1942"	"H6"	4105821	4106319
"1943"	"H6"	4102823	4103495
"1944"	"H6"	4024989	4026480
"1945"	"H6"	4021946	4022213
"1946"	"H6"	4007758	4008376
"1947"	"H6"	3997984	4000144
"1948"	"H6"	3965762	3966089
"1949"	"H6"	3948087	3948423
"1950"	"H6"	3927156	3928146
"1951"	"H6"	3926546	3927002
"1952"	"H6"	3877068	3877464
"1953"	"H6"	3867010	3867421
"1954"	"H6"	3830458	3832165
"1955"	"H6"	3822107	3822380
"1956"	"H6"	3812732	3813950
"1957"	"H6"	3761348	3761954
"1958"	"H6"	3758018	3759860
"1959"	"H6"	3739706	3740957
"1960"	"H6"	3713093	3713654
"1961"	"H6"	3696459	3698028
"1962"	"H6"	3682162	3683446
"1963"	"H6"	3674787	3676107
"1964"	"H6"	3673363	3674374
"1965"	"H6"	3672415	3673312
"1966"	"H6"	3656996	3657566
"1967"	"H6"	3640112	3640544
"1968"	"H6"	3609956	3610511
"1969"	"H6"	3609218	3609881
"1970"	"H6"	3606452	3608648
"1971"	"H6"	3605752	3606376
"1972"	"H6"	3573776	3574877
"1973"	"H6"	3522872	3525422
"1974"	"H6"	3516021	3517305
"1975"	"H6"	3499449	3499614
"1976"	"H6"	3490862	3491462
"1977"	"H6"	3490267	3490828
"1978"	"H6"	3478593	3478791
"1979"	"H6"	3466798	3466990
"1980"	"H6"	3448315	3448567
"1981"	"H6"	3439617	3439998
"1982"	"H6"	3438025	3438433
"1983"	"H6"	4213681	4214122
"1984"	"H6"	4214281	4215208
"1985"	"H6"	4256638	4257004
"1986"	"H6"	4269415	4270126
"1987"	"H6"	4277061	4277382
"1988"	"H6"	4329361	4330237
"1989"	"H6"	4404688	4405984
"1990"	"H6"	4428936	4429554
"1991"	"H6"	4431322	4431982
"1992"	"H6"	4434623	4436564
"1993"	"H6"	4457315	4457864
"1994"	"H6"	4561498	4562674
"1995"	"H6"	4599696	4600188
"1996"	"H6"	4600979	4601516
"1997"	"H6"	4604876	4605662
"1998"	"H6"	4618230	4619550
"1999"	"H6"	4630734	4632669
"2000"	"H6"	4634442	4635309
"2001"	"H6"	4636697	4638119
"2002"	"U"	41611	42680
"2003"	"U"	83715	84024
"2004"	"U"	84095	84499
"2005"	"U"	85159	85373
"2006"	"U"	150671	151113
"2007"	"U"	155915	156870
"2008"	"U"	156941	157212
"2009"	"U"	157264	157592
"2010"	"U"	237002	237159
"2011"	"U"	237230	239211
"2012"	"U"	259061	259237
"2013"	"U"	284483	284659
"2014"	"U"	292121	292600
"2015"	"U"	293204	294007
"2016"	"U"	310000	311126
"2017"	"U"	312052	314033
"2018"	"U"	317315	318194
"2019"	"U"	318778	318973
"2020"	"U"	319044	319258
"2021"	"U"	320203	320816
"2022"	"U"	323852	324825
"2023"	"U"	330634	331589
"2024"	"U"	334510	334686
"2025"	"U"	335555	335940
"2026"	"U"	342984	344243
"2027"	"U"	383397	384086
"2028"	"U"	384138	384694
"2029"	"U"	388793	389083
"2030"	"U"	389136	389748
"2031"	"U"	393581	394175
"2032"	"U"	400212	400825
"2033"	"U"	450942	451422
"2034"	"U"	480031	480283
"2035"	"U"	480355	480511
"2036"	"U"	521907	522633
"2037"	"U"	526258	527878
"2038"	"U"	528139	528809
"2039"	"U"	534865	535231
"2040"	"U"	536575	537150
"2041"	"U"	538000	538404
"2042"	"U"	544441	544826
"2043"	"U"	545429	546118
"2044"	"U"	556962	558202
"2045"	"U"	558254	558582
"2046"	"U"	561408	562192
"2047"	"U"	562947	563579
"2048"	"U"	567678	568044
"2049"	"U"	568096	570989
"2050"	"U"	571041	571350
"2051"	"U"	573188	573819
"2052"	"U"	575886	576233
"2053"	"U"	576286	576670
"2054"	"U"	577938	579140
"2055"	"U"	582004	582579
"2056"	"U"	582821	583282
"2057"	"U"	583448	585220
"2058"	"U"	617059	617672
"2059"	"U"	635641	637261
"2060"	"U"	650860	651758
"2061"	"U"	656790	657251
"2062"	"U"	661445	662400
"2063"	"U"	676759	677372
"2064"	"U"	679552	679880
"2065"	"U"	679970	680241
"2066"	"U"	720592	721167
"2067"	"U"	721219	721699
"2068"	"U"	732714	732909
"2069"	"U"	733614	734780
"2070"	"U"	735811	739163
"2071"	"U"	752322	752764
"2072"	"U"	753025	753733
"2073"	"U"	800601	801024
"2074"	"U"	801076	801309
"2075"	"U"	821216	821392
"2076"	"U"	873162	874611
"2077"	"U"	997840	999099
"2078"	"U"	1051040	1051634
"2079"	"U"	1064207	1065694
"2080"	"U"	1065746	1065998
"2081"	"U"	1092783	1094289
"2082"	"U"	1096089	1096645
"2083"	"U"	1102216	1102468
"2084"	"U"	1103090	1104520
"2085"	"U"	1120747	1121113
"2086"	"U"	1182231	1182407
"2087"	"U"	1182611	1182919
"2088"	"U"	1213011	1213263
"2089"	"U"	1213315	1213871
"2090"	"U"	1214094	1214783
"2091"	"U"	1217514	1218830
"2092"	"U"	1219357	1221224
"2093"	"U"	1221295	1222611
"2094"	"U"	1224544	1225084
"2095"	"U"	1230833	1231123
"2096"	"U"	1231631	1232016
"2097"	"U"	1257262	1258236
"2098"	"U"	1316263	1317788
"2099"	"U"	1317840	1318244
"2100"	"U"	1344554	1345186
"2101"	"U"	1373092	1373743
"2102"	"U"	1384834	1385257
"2103"	"U"	1414380	1415809
"2104"	"U"	1419338	1419932
"2105"	"U"	1420402	1420711
"2106"	"U"	1425228	1426468
"2107"	"U"	1426539	1427228
"2108"	"U"	1435199	1436405
"2109"	"U"	1438319	1438609
"2110"	"U"	1438680	1439141
"2111"	"U"	1466496	1466653
"2112"	"U"	1466857	1467489
"2113"	"U"	1477041	1477578
"2114"	"U"	1479777	1480732
"2115"	"U"	1528284	1529638
"2116"	"U"	1531419	1531671
"2117"	"U"	1531818	1534506
"2118"	"U"	1545441	1546453
"2119"	"U"	1546581	1547840
"2120"	"U"	1547892	1548505
"2121"	"U"	1557962	1558385
"2122"	"U"	1573580	1573850
"2123"	"U"	1573922	1574421
"2124"	"U"	1581351	1581812
"2125"	"U"	1584467	1584928
"2126"	"U"	1585037	1585403
"2127"	"U"	1585474	1586049
"2128"	"U"	1588134	1588291
"2129"	"U"	1588362	1589412
"2130"	"U"	1591174	1591958
"2131"	"U"	1598584	1600394
"2132"	"U"	1617356	1618311
"2133"	"U"	1625640	1626709
"2134"	"U"	1633867	1634176
"2135"	"U"	1634228	1635525
"2136"	"U"	1638598	1639268
"2137"	"U"	1639339	1639857
"2138"	"U"	1640061	1640883
"2139"	"U"	1642265	1643182
"2140"	"U"	1694287	1694748
"2141"	"U"	1756037	1757068
"2142"	"U"	1774049	1774472
"2143"	"U"	1775227	1775479
"2144"	"U"	1777071	1777607
"2145"	"U"	1780281	1780666
"2146"	"U"	1804563	1806924
"2147"	"U"	1807793	1808102
"2148"	"U"	1814101	1814752
"2149"	"U"	1814804	1815227
"2150"	"U"	1819972	1820224
"2151"	"U"	1820276	1820699
"2152"	"U"	1822632	1822958
"2153"	"U"	1827382	1827710
"2154"	"U"	1854495	1855051
"2155"	"U"	1855635	1856001
"2156"	"U"	1871785	1873329
"2157"	"U"	1906650	1907111
"2158"	"U"	1907163	1907472
"2159"	"U"	1909329	1910151
"2160"	"U"	1947652	1948436
"2161"	"U"	1959413	1959931
"2162"	"U"	1960078	1960368
"2163"	"U"	1988469	1988835
"2164"	"U"	1990540	1990754
"2165"	"U"	1990806	1990963
"2166"	"U"	2012998	2014770
"2167"	"U"	2025538	2026227
"2168"	"U"	2026374	2026569
"2169"	"U"	2035361	2035955
"2170"	"U"	2036216	2036449
"2171"	"U"	2037679	2038007
"2172"	"U"	2043740	2044353
"2173"	"U"	2058446	2059818
"2174"	"U"	2101481	2102132
"2175"	"U"	2105072	2107376
"2176"	"U"	2107428	2108288
"2177"	"U"	2108359	2108839
"2178"	"U"	2108891	2109124
"2179"	"U"	2109176	2109485
"2180"	"U"	2109538	2110986
"2181"	"U"	2111038	2112487
"2182"	"U"	2130931	2132608
"2183"	"U"	2139215	2140246
"2184"	"U"	2152990	2153147
"2185"	"U"	2153199	2153698
"2186"	"U"	2170128	2170474
"2187"	"U"	2170565	2170836
"2188"	"U"	2171838	2172090
"2189"	"U"	2174688	2174978
"2190"	"U"	2176588	2176821
"2191"	"U"	2190688	2192137
"2192"	"U"	2193823	2195557
"2193"	"U"	2195609	2196089
"2194"	"U"	2207351	2208135
"2195"	"U"	2232241	2232512
"2196"	"U"	2236877	2237452
"2197"	"U"	2258385	2258732
"2198"	"U"	2262242	2262437
"2199"	"U"	2316221	2316549
"2200"	"U"	2348090	2349007
"2201"	"U"	2349059	2349387
"2202"	"U"	2370225	2370439
"2203"	"U"	2370510	2370724
"2204"	"U"	2387230	2388926
"2205"	"U"	2390118	2391909
"2206"	"U"	2391999	2393657
"2207"	"U"	2412611	2412806
"2208"	"U"	2460738	2461256
"2209"	"U"	2461327	2461731
"2210"	"U"	2468205	2470015
"2211"	"U"	2474019	2474727
"2212"	"U"	2474950	2475145
"2213"	"U"	2475273	2475620
"2214"	"U"	2475881	2476114
"2215"	"U"	2476166	2476342
"2216"	"U"	2476755	2476950
"2217"	"U"	2477002	2477178
"2218"	"U"	2479491	2479686
"2219"	"U"	2486331	2487419
"2220"	"U"	2488288	2489680
"2221"	"U"	2489808	2491979
"2222"	"U"	2495280	2495703
"2223"	"U"	2498453	2499389
"2224"	"U"	2499783	2500358
"2225"	"U"	2527675	2528326
"2226"	"U"	2530335	2530719
"2227"	"U"	2574275	2574869
"2228"	"U"	2627475	2628297
"2229"	"U"	2628368	2628658
"2230"	"U"	2698687	2698901
"2231"	"U"	2756085	2756717
"2232"	"U"	2757396	2758959
"2233"	"U"	2759030	2759624
"2234"	"U"	2771779	2772335
"2235"	"U"	2772520	2773874
"2236"	"U"	2780101	2780505
"2237"	"U"	2781070	2781873
"2238"	"U"	2782153	2785141
"2239"	"U"	2785193	2787649
"2240"	"U"	2796175	2796731
"2241"	"U"	2796878	2797529
"2242"	"U"	2803167	2803742
"2243"	"U"	2881618	2881832
"2244"	"U"	2882568	2882934
"2245"	"U"	2885608	2886221
"2246"	"U"	2897863	2898666
"2247"	"U"	2898889	2899521
"2248"	"U"	2901986	2902428
"2249"	"U"	2902499	2903511
"2250"	"U"	2903829	2904993
"2251"	"U"	2932329	2933550
"2252"	"U"	2984940	2986693
"2253"	"U"	2986745	2992146
"2254"	"U"	2992198	2993837
"2255"	"U"	2993889	2994996
"2256"	"U"	2997100	2997580
"2257"	"U"	3003636	3004116
"2258"	"U"	3013744	3014604
"2259"	"U"	3075798	3075993
"2260"	"U"	3077413	3078083
"2261"	"U"	3117560	3118382
"2262"	"U"	3132342	3132727
"2263"	"U"	3132779	3133088
"2264"	"U"	3134755	3135558
"2265"	"U"	3170437	3171278
"2266"	"U"	3182103	3182526
"2267"	"U"	3183586	3183932
"2268"	"U"	3184003	3184578
"2269"	"U"	3186169	3186725
"2270"	"U"	3188525	3190106
"2271"	"U"	3190444	3191817
"2272"	"U"	3204295	3204661
"2273"	"U"	3204713	3204870
"2274"	"U"	3226202	3226359
"2275"	"U"	3251111	3251895
"2276"	"U"	3265553	3266394
"2277"	"U"	3266617	3267040
"2278"	"U"	3267130	3267971
"2279"	"U"	3268023	3268636
"2280"	"U"	3268840	3269718
"2281"	"U"	3274503	3274887
"2282"	"U"	3274939	3275438
"2283"	"U"	3283584	3284653
"2284"	"U"	3286586	3287104
"2285"	"U"	3287289	3287522
"2286"	"U"	3288011	3288643
"2287"	"U"	3320843	3321209
"2288"	"U"	3321261	3321494
"2289"	"U"	3360325	3360748
"2290"	"U"	3360800	3361375
"2291"	"U"	3361446	3362477
"2292"	"U"	3374366	3374808
"2293"	"U"	3412537	3413929
"2294"	"U"	3417933	3418812
"2295"	"U"	3462341	3462821
"2296"	"U"	3543714	3543947
"2297"	"U"	3549034	3550122
"2298"	"U"	3556919	3557931
"2299"	"U"	3557983	3558368
"2300"	"U"	3567046	3567545
"2301"	"U"	3572214	3572789
"2302"	"U"	3592316	3592758
"2303"	"U"	3633223	3634349
"2304"	"U"	3650190	3650765
"2305"	"U"	3729633	3730265
"2306"	"U"	3730678	3731025
"2307"	"U"	3750389	3750584
"2308"	"U"	3751797	3752087
"2309"	"U"	3796257	3796433
"2310"	"U"	3796485	3796718
"2311"	"U"	3803288	3804014
"2312"	"U"	3832224	3834186
"2313"	"U"	3834238	3835345
"2314"	"U"	3835568	3835896
"2315"	"U"	3835967	3839259
"2316"	"U"	3839311	3840570
"2317"	"U"	3840622	3840874
"2318"	"U"	3840945	3841121
"2319"	"U"	3841192	3841349
"2320"	"U"	3841458	3842983
"2321"	"U"	3843035	3843230
"2322"	"U"	3843415	3843781
"2323"	"U"	3846417	3846669
"2324"	"U"	3846721	3847619
"2325"	"U"	3850141	3851248
"2326"	"U"	3870148	3870666
"2327"	"U"	3870794	3872186
"2328"	"U"	3872238	3872775
"2329"	"U"	3873093	3873497
"2330"	"U"	3873549	3874314
"2331"	"U"	3875367	3875533
"2332"	"U"	3882061	3882465
"2333"	"U"	3882556	3882788
"2334"	"U"	3885652	3886322
"2335"	"U"	3888103	3888830
"2336"	"U"	3894107	3894682
"2337"	"U"	3895836	3896487
"2338"	"U"	3917876	3918545
"2339"	"U"	3919757	3920142
"2340"	"U"	3968264	3968459
"2341"	"U"	3972159	3972658
"2342"	"U"	3972748	3973014
"2343"	"U"	3974130	3975147
"2344"	"U"	3975218	3976040
"2345"	"U"	3981469	3982842
"2346"	"U"	3983141	3983526
"2347"	"U"	3983578	3984723
"2348"	"U"	3985174	3986642
"2349"	"U"	3986732	3987193
"2350"	"U"	3988385	3989074
"2351"	"U"	3989126	3989758
"2352"	"U"	4004402	4004654
"2353"	"U"	4005067	4005585
"2354"	"U"	4005656	4006345
"2355"	"U"	4006397	4007352
"2356"	"U"	4007404	4009271
"2357"	"U"	4015061	4017517
"2358"	"U"	4018358	4018524
"2359"	"U"	4055265	4056201
"2360"	"U"	4056925	4059146
"2361"	"U"	4140691	4140979
"2362"	"U"	4141031	4141454
"2363"	"U"	4170405	4170885
"2364"	"U"	4184541	4184755
"2365"	"U"	4184997	4185306
"2366"	"U"	4223850	4226496
"2367"	"U"	4239088	4239302
"2368"	"U"	4239373	4239739
"2369"	"U"	4245396	4246275
"2370"	"U"	4254060	4254692
"2371"	"U"	4254744	4255110
"2372"	"U"	4255257	4255832
"2373"	"U"	4263541	4265370
"2374"	"U"	4271673	4273084
"2375"	"U"	4279349	4280285
"2376"	"U"	4285353	4286916
"2377"	"U"	4307567	4308009
"2378"	"U"	4308061	4308313
"2379"	"U"	4309828	4310346
"2380"	"U"	4315245	4315782
"2381"	"U"	4316518	4317074
"2382"	"U"	4331414	4331628
"2383"	"U"	4331737	4332122
"2384"	"U"	4342491	4342686
"2385"	"U"	4353492	4354048
"2386"	"U"	4357368	4357544
"2387"	"U"	4363049	4363244
"2388"	"U"	4364417	4365657
"2389"	"U"	4366697	4366873
"2390"	"U"	4378688	4378997
"2391"	"U"	4414560	4414755
"2392"	"U"	4414807	4415306
"2393"	"U"	4416574	4416788
"2394"	"U"	4431888	4432710
"2395"	"U"	4442015	4443312
"2396"	"U"	4479882	4481274
"2397"	"U"	4481421	4482262
"2398"	"U"	4484005	4484352
"2399"	"U"	4484404	4484960
"2400"	"U"	4485012	4485511
"2401"	"U"	4498787	4499172
"2402"	"U"	4499262	4499457
"2403"	"U"	4508401	4510857
"2404"	"U"	4510909	4511389
"2405"	"U"	4529738	4530617
"2406"	"U"	4543817	4544639
"2407"	"U"	4544957	4547033
"2408"	"U"	4547085	4547318
"2409"	"U"	4547370	4547584
"2410"	"U"	4549308	4549636
"2411"	"U"	4549688	4549921
"2412"	"U"	4559739	4561796
"2413"	"U"	4576725	4577091
"2414"	"U"	4581532	4582810
"2415"	"U"	4582957	4584083
"2416"	"U"	4584420	4586097
"2417"	"U"	4599202	4599473
"2418"	"U"	4607543	4608365
"2419"	"L"	3411886	3413043
"2420"	"L"	3841987	3843753
"2421"	"L"	3282192	3282668
"2422"	"L"	543281	544516
"2423"	"L"	1554089	1554304
"2424"	"L"	1816629	1817471
"2425"	"L"	2121108	2122544
"2426"	"L"	655780	656340
"2427"	"L"	1101769	1102419
"2428"	"L"	1101375	1101764
"2429"	"L"	3718072	3718284
"2430"	"L"	1636479	1636691
"2431"	"L"	3380222	3381289
"2432"	"L"	12163	14079
"2433"	"L"	3223744	3224193
"2434"	"L"	1638394	1638609
"2435"	"L"	4541138	4541686
"2436"	"L"	4543119	4545755
"2437"	"L"	4541751	4542290
"2438"	"L"	42403	43173
"2439"	"L"	1130661	1131065
"2440"	"L"	1131797	1133005
"2441"	"L"	1133952	1134734
"2442"	"L"	1129058	1129351
"2443"	"L"	1128637	1129053
"2444"	"L"	1999094	1999813
"2445"	"L"	2012904	2013899
"2446"	"L"	2015970	2016413
"2447"	"L"	1998497	1999048
"2448"	"L"	3664203	3665603
"2449"	"L"	3656389	3656916
"2450"	"L"	2169857	2170897
"2451"	"L"	2105250	2106353
"2452"	"L"	3359198	3359962
"2453"	"L"	3454399	3456351
"2454"	"L"	3456361	3457842
"2455"	"L"	3654431	3654763
"2456"	"L"	3653989	3654315
"2457"	"L"	1228706	1229617
"2458"	"L"	4492646	4493209
"2459"	"L"	478591	479142
"2460"	"L"	3658437	3661550
"2461"	"L"	1670844	1671173
"2462"	"L"	965844	967592
"2463"	"L"	574981	576108
"2464"	"L"	2798745	2798990
"2465"	"L"	985117	986205
"2466"	"L"	1341134	1341352
"2467"	"L"	1554649	1555080
"2468"	"L"	1431108	1431108
"2469"	"L"	3132894	3134393
"2470"	"L"	2802837	2804039
"2471"	"L"	3760206	3764339
"2472"	"L"	522485	526765
"2473"	"L"	4021577	4022359
"2474"	"L"	3261708	3263039
"2475"	"L"	3260474	3261694
"2476"	"L"	3886753	3888168
"2477"	"L"	1952602	1955031
"2478"	"L"	2096471	2097637
"2479"	"L"	1990898	1992730
"2480"	"L"	2126928	2127674
"2481"	"L"	2112526	2113920
"2482"	"L"	2519615	2520499
"2483"	"L"	527864	528124
"2484"	"L"	579103	579309
"2485"	"L"	737315	738076
"2486"	"L"	715611	715820
"2487"	"L"	820016	820729
"2488"	"L"	997091	997630
"2489"	"L"	1085329	1085742
"2490"	"L"	1117124	1117699
"2491"	"L"	1168296	1168553
"2492"	"L"	1252308	1255175
"2493"	"L"	1371246	1372127
"2494"	"L"	1500481	1501149
"2495"	"L"	1508027	1509433
"2496"	"L"	1622129	1622521
"2497"	"L"	1582231	1584510
"2498"	"L"	1854957	1855793
"2499"	"L"	1870065	1871555
"2500"	"L"	1879936	1881021
"2501"	"L"	2082491	2083549
"2502"	"L"	2256377	2257318
"2503"	"L"	2362576	2363001
"2504"	"L"	2363932	2365089
"2505"	"L"	2589269	2589625
"2506"	"L"	2739897	2740415
"2507"	"L"	2876877	2877794
"2508"	"L"	2878396	2879070
"2509"	"L"	2879073	2880164
"2510"	"L"	2880177	2880659
"2511"	"L"	2880652	2882160
"2512"	"L"	3183436	3183987
"2513"	"L"	3497470	3497637
"2514"	"L"	3622401	3623537
"2515"	"L"	3623702	3624826
"2516"	"L"	3632864	3633916
"2517"	"L"	3742827	3744104
"2518"	"L"	3749151	3749891
"2519"	"L"	3750015	3750989
"2520"	"L"	3752128	3752451
"2521"	"L"	4233929	4234171
"2522"	"L"	4504884	4505132
"2523"	"L"	4518694	4520043
"2524"	"L"	4522128	4523033
"2525"	"L"	4523038	4523826
"2526"	"L"	4567021	4567332
"2527"	"L"	407893	408174
"2528"	"L"	874558	875886
"2529"	"L"	1423401	1423664
"2530"	"L"	1518987	1521089
"2531"	"L"	1841855	1842895
"2532"	"L"	1892097	1892456
"2533"	"L"	1905472	1905615
"2534"	"L"	3581064	3581477
"2535"	"O"	40417	41931
"2536"	"O"	42367	43173
"2537"	"O"	58474	59124
"2538"	"O"	59121	59279
"2539"	"O"	81958	83529
"2540"	"O"	83622	83708
"2541"	"O"	84191	85312
"2542"	"O"	85540	87354
"2543"	"O"	149715	150953
"2544"	"O"	151003	151599
"2545"	"O"	151626	152231
"2546"	"O"	152243	152854
"2547"	"O"	152829	155426
"2548"	"O"	155461	156201
"2549"	"O"	156299	156883
"2550"	"O"	179237	180754
"2551"	"O"	236931	237007
"2552"	"O"	237335	238120
"2553"	"O"	238746	239084
"2554"	"O"	245065	245805
"2555"	"O"	245961	246239
"2556"	"O"	246242	246502
"2557"	"O"	246712	247461
"2558"	"O"	252005	252298
"2559"	"O"	252301	252699
"2560"	"O"	252709	253161
"2561"	"O"	253467	253733
"2562"	"O"	257829	258230
"2563"	"O"	258269	259324
"2564"	"O"	284619	286001
"2565"	"O"	291546	292172
"2566"	"O"	292444	293142
"2567"	"O"	293169	294023
"2568"	"O"	294363	294803
"2569"	"O"	294920	296320
"2570"	"O"	302215	302829
"2571"	"O"	303077	303406
"2572"	"O"	309308	309895
"2573"	"O"	309970	310560
"2574"	"O"	311336	311563
"2575"	"O"	311738	312001
"2576"	"O"	313581	314468
"2577"	"O"	314506	314814
"2578"	"O"	314811	315677
"2579"	"O"	315674	316393
"2580"	"O"	316950	317552
"2581"	"O"	317555	317806
"2582"	"O"	317900	319252
"2583"	"O"	319451	320305
"2584"	"O"	320832	321551
"2585"	"O"	321562	322989
"2586"	"O"	322829	323677
"2587"	"O"	323632	323844
"2588"	"O"	323920	324588
"2589"	"O"	331595	332683
"2590"	"O"	332725	333657
"2591"	"O"	333749	334246
"2592"	"O"	334504	335109
"2593"	"O"	335149	336012
"2594"	"O"	343400	344215
"2595"	"O"	344598	344873
"2596"	"O"	344890	345561
"2597"	"O"	345708	345983
"2598"	"O"	346081	347667
"2599"	"O"	360473	361084
"2600"	"O"	361150	362403
"2601"	"O"	379293	380066
"2602"	"O"	380068	380511
"2603"	"O"	380530	380940
"2604"	"O"	380898	381803
"2605"	"O"	381728	382114
"2606"	"O"	381963	383159
"2607"	"O"	383283	383693
"2608"	"O"	384399	385418
"2609"	"O"	387977	388984
"2610"	"O"	389121	389390
"2611"	"O"	389475	390935
"2612"	"O"	393685	394353
"2613"	"O"	400610	400870
"2614"	"O"	400971	402386
"2615"	"O"	406652	407329
"2616"	"O"	407401	407685
"2617"	"O"	407893	408174
"2618"	"O"	449887	450834
"2619"	"O"	478591	479142
"2620"	"O"	479314	479532
"2621"	"O"	479558	479932
"2622"	"O"	515143	515820
"2623"	"O"	515780	516586
"2624"	"O"	522485	526765
"2625"	"O"	526805	527173
"2626"	"O"	527173	527883
"2627"	"O"	527864	528124
"2628"	"O"	528163	528354
"2629"	"O"	534934	535710
"2630"	"O"	535810	536688
"2631"	"O"	536720	536998
"2632"	"O"	536998	538311
"2633"	"O"	538371	539732
"2634"	"O"	539783	541090
"2635"	"O"	541112	542257
"2636"	"O"	542485	543270
"2637"	"O"	543281	544516
"2638"	"O"	544538	545587
"2639"	"O"	545904	547571
"2640"	"O"	557402	557977
"2641"	"O"	558197	558889
"2642"	"O"	558920	561523
"2643"	"O"	561565	562542
"2644"	"O"	562553	563068
"2645"	"O"	563071	563703
"2646"	"O"	563946	564022
"2647"	"O"	564038	565201
"2648"	"O"	565195	565755
"2649"	"O"	566056	566364
"2650"	"O"	566361	567227
"2651"	"O"	567333	567470
"2652"	"O"	567538	567870
"2653"	"O"	568125	569651
"2654"	"O"	570116	570667
"2655"	"O"	570677	571474
"2656"	"O"	571689	572144
"2657"	"O"	572144	572314
"2658"	"O"	572307	572597
"2659"	"O"	572594	572956
"2660"	"O"	573179	573562
"2661"	"O"	573960	574976
"2662"	"O"	574981	576108
"2663"	"O"	576621	576836
"2664"	"O"	576836	577333
"2665"	"O"	577330	577791
"2666"	"O"	577823	578116
"2667"	"O"	578407	578859
"2668"	"O"	579103	579309
"2669"	"O"	580057	580602
"2670"	"O"	580577	581320
"2671"	"O"	581375	581959
"2672"	"O"	582098	582283
"2673"	"O"	582904	583653
"2674"	"O"	583903	584856
"2675"	"O"	617477	618610
"2676"	"O"	634572	635792
"2677"	"O"	635939	636841
"2678"	"O"	650021	651166
"2679"	"O"	651458	653116
"2680"	"O"	653806	655191
"2681"	"O"	655780	656340
"2682"	"O"	656515	656724
"2683"	"O"	659648	660448
"2684"	"O"	674793	675776
"2685"	"O"	675934	676641
"2686"	"O"	676638	678065
"2687"	"O"	678075	678629
"2688"	"O"	678731	679438
"2689"	"O"	680946	682616
"2690"	"O"	707557	708963
"2691"	"O"	714635	715129
"2692"	"O"	715170	715532
"2693"	"O"	715611	715928
"2694"	"O"	717485	719683
"2695"	"O"	728357	728563
"2696"	"O"	732999	733325
"2697"	"O"	733443	734876
"2698"	"O"	734873	735442
"2699"	"O"	736327	737184
"2700"	"O"	737315	738076
"2701"	"O"	738224	738733
"2702"	"O"	748945	751401
"2703"	"O"	751452	752018
"2704"	"O"	752408	753691
"2705"	"O"	798845	799861
"2706"	"O"	799982	801034
"2707"	"O"	801110	802543
"2708"	"O"	802702	804987
"2709"	"O"	820016	820729
"2710"	"O"	847631	848134
"2711"	"O"	848433	849320
"2712"	"O"	872202	874550
"2713"	"O"	874558	875886
"2714"	"O"	887357	889042
"2715"	"O"	914575	915270
"2716"	"O"	915696	917354
"2717"	"O"	931818	932312
"2718"	"O"	946260	947882
"2719"	"O"	947883	948791
"2720"	"O"	948891	949481
"2721"	"O"	952832	953689
"2722"	"O"	2309668	2310771
"2723"	"O"	2338439	2342191
"2724"	"O"	2405583	2406800
"2725"	"O"	2572324	2573025
"2726"	"O"	2573000	2573479
"2727"	"O"	2573492	2573899
"2728"	"O"	2589269	2589625
"2729"	"O"	3465182	3467875
"2730"	"O"	3497470	3497637
"2731"	"O"	3497881	3499269
"2732"	"O"	3897431	3898633
"2733"	"O"	3898627	3900243
"2734"	"O"	3900312	3901724
"2735"	"O"	3901743	3903620
"2736"	"O"	3903754	3904590
"2737"	"O"	3920083	3920475
"2738"	"O"	4110990	4111289
"2739"	"O"	4111316	4111744
"2740"	"O"	3832570	3834009
"2741"	"O"	3834245	3834339
"2742"	"O"	3834976	3836160
"2743"	"O"	3836271	3837194
"2744"	"O"	3837198	3838016
"2745"	"O"	3838572	3839927
"2746"	"O"	3839973	3840452
"2747"	"O"	3840478	3841890
"2748"	"O"	3841987	3843753
"2749"	"O"	4371388	4372257
"2750"	"O"	4381820	4383364
"2751"	"O"	1105043	1105576
"2752"	"O"	1105518	1106999
"2753"	"O"	1107007	1108164
"2754"	"O"	1108558	1110093
"2755"	"O"	1117124	1117699
"2756"	"O"	1117703	1118269
"2757"	"O"	1118530	1118670
"2758"	"O"	1118691	1119809
"2759"	"O"	1119924	1120178
"2760"	"O"	1120465	1120710
"2761"	"O"	1179702	1180490
"2762"	"O"	1180487	1180957
"2763"	"O"	1197918	1198811
"2764"	"O"	1210903	1211226
"2765"	"O"	1211926	1212330
"2766"	"O"	1212551	1213282
"2767"	"O"	1213487	1214698
"2768"	"O"	1215012	1215248
"2769"	"O"	1215291	1215563
"2770"	"O"	1215592	1215858
"2771"	"O"	1215971	1216219
"2772"	"O"	1216509	1218074
"2773"	"O"	1218824	1220344
"2774"	"O"	1221528	1221863
"2775"	"O"	1221867	1222151
"2776"	"O"	1222918	1223130
"2777"	"O"	1223502	1223768
"2778"	"O"	1223772	1224584
"2779"	"O"	1224608	1225303
"2780"	"O"	1225823	1226191
"2781"	"O"	1226294	1226695
"2782"	"O"	1226904	1227230
"2783"	"O"	1227302	1227961
"2784"	"O"	1228023	1228499
"2785"	"O"	1228706	1229623
"2786"	"O"	1229990	1230409
"2787"	"O"	1243951	1244205
"2788"	"O"	1244383	1244823
"2789"	"O"	1252308	1255175
"2790"	"O"	1279087	1282830
"2791"	"O"	1291732	1292145
"2792"	"O"	1292750	1293367
"2793"	"O"	1299206	1300837
"2794"	"O"	1307040	1308293
"2795"	"O"	1308593	1308985
"2796"	"O"	1309113	1309832
"2797"	"O"	1309872	1310270
"2798"	"O"	1310375	1310914
"2799"	"O"	1310944	1311687
"2800"	"O"	1312044	1312682
"2801"	"O"	1312742	1313248
"2802"	"O"	1313294	1313794
"2803"	"O"	1313880	1314116
"2804"	"O"	1331879	1332853
"2805"	"O"	1333855	1336530
"2806"	"O"	1341134	1341352
"2807"	"O"	1341621	1342370
"2808"	"O"	1367713	1368027
"2809"	"O"	1368213	1369919
"2810"	"O"	1369933	1371225
"2811"	"O"	1379971	1380876
"2812"	"O"	1380987	1381985
"2813"	"O"	1390015	1390914
"2814"	"O"	1391230	1392864
"2815"	"O"	1392915	1393946
"2816"	"O"	1402765	1403673
"2817"	"O"	1404003	1404566
"2818"	"O"	1410024	1411259
"2819"	"O"	1411261	1411500
"2820"	"O"	1411555	1411764
"2821"	"O"	1411757	1411951
"2822"	"O"	1412810	1415410
"2823"	"O"	1415512	1415787
"2824"	"O"	1416032	1416265
"2825"	"O"	1416572	1417183
"2826"	"O"	1417192	1417368
"2827"	"O"	1417346	1417525
"2828"	"O"	1417789	1418265
"2829"	"O"	1418389	1418685
"2830"	"O"	1421806	1423263
"2831"	"O"	1423202	1423483
"2832"	"O"	1423401	1423664
"2833"	"O"	1423645	1424004
"2834"	"O"	1424079	1424312
"2835"	"O"	1424478	1425506
"2836"	"O"	1430435	1431010
"2837"	"O"	1431108	1431698
"2838"	"O"	1432015	1432281
"2839"	"O"	1433209	1433715
"2840"	"O"	1433784	1434917
"2841"	"O"	1463416	1472037
"2842"	"O"	1472245	1473105
"2843"	"O"	1473162	1475474
"2844"	"O"	1475639	1476250
"2845"	"O"	1476250	1477146
"2846"	"O"	1477162	1478919
"2847"	"O"	1500481	1501149
"2848"	"O"	1518229	1518951
"2849"	"O"	1524271	1524888
"2850"	"O"	1524964	1525176
"2851"	"O"	1525914	1527962
"2852"	"O"	1527946	1528428
"2853"	"O"	1528610	1529356
"2854"	"O"	1529400	1529600
"2855"	"O"	1529840	1530976
"2856"	"O"	1531076	1531309
"2857"	"O"	1540696	1542084
"2858"	"O"	1542408	1542743
"2859"	"O"	1542782	1543738
"2860"	"O"	1543762	1544052
"2861"	"O"	1544312	1545193
"2862"	"O"	1551996	1553720
"2863"	"O"	1553850	1553987
"2864"	"O"	1554089	1554367
"2865"	"O"	1554649	1555080
"2866"	"O"	1563782	1565164
"2867"	"O"	1565528	1566847
"2868"	"O"	1566978	1568513
"2869"	"O"	1568669	1570069
"2870"	"O"	1570431	1573226
"2871"	"O"	1573271	1575643
"2872"	"O"	1575681	1577366
"2873"	"O"	1577657	1578829
"2874"	"O"	1578866	1580581
"2875"	"O"	1580950	1581711
"2876"	"O"	1581786	1581983
"2877"	"O"	1582231	1584510
"2878"	"O"	1584844	1585758
"2879"	"O"	1585817	1586320
"2880"	"O"	1586333	1586863
"2881"	"O"	1586877	1588025
"2882"	"O"	1588381	1588560
"2883"	"O"	1588878	1590200
"2884"	"O"	1590200	1590466
"2885"	"O"	1590689	1592089
"2886"	"O"	1592133	1596110
"2887"	"O"	1613787	1614902
"2888"	"O"	1615052	1616242
"2889"	"O"	1616267	1616932
"2890"	"O"	1617201	1617578
"2891"	"O"	1617592	1617981
"2892"	"O"	1618013	1618231
"2893"	"O"	1618262	1619062
"2894"	"O"	1619356	1620543
"2895"	"O"	1620984	1621874
"2896"	"O"	1622129	1622521
"2897"	"O"	1622797	1623315
"2898"	"O"	1623359	1625404
"2899"	"O"	1625541	1626287
"2900"	"O"	1626376	1627062
"2901"	"O"	1627239	1627442
"2902"	"O"	1627477	1628937
"2903"	"O"	1629026	1630309
"2904"	"O"	1631063	1631329
"2905"	"O"	1631646	1632236
"2906"	"O"	1632334	1632909
"2907"	"O"	1632909	1633871
"2908"	"O"	1633822	1634391
"2909"	"O"	1635056	1635481
"2910"	"O"	1635633	1635809
"2911"	"O"	1635978	1636169
"2912"	"O"	1636479	1636691
"2913"	"O"	1637054	1637551
"2914"	"O"	1637548	1638081
"2915"	"O"	1638078	1638389
"2916"	"O"	1638394	1638684
"2917"	"O"	1639363	1639578
"2918"	"O"	1639879	1640091
"2919"	"O"	1640513	1641295
"2920"	"O"	1641279	1642367
"2921"	"O"	1642675	1642926
"2922"	"O"	1643143	1643298
"2923"	"O"	1643370	1643657
"2924"	"O"	1643657	1643896
"2925"	"O"	1643921	1644226
"2926"	"O"	1644429	1644761
"2927"	"O"	1645198	1645347
"2928"	"O"	1645370	1645660
"2929"	"O"	1645644	1645874
"2930"	"O"	1645958	1646365
"2931"	"O"	1646532	1646687
"2932"	"O"	1646647	1646817
"2933"	"O"	1646847	1647065
"2934"	"O"	1647633	1647821
"2935"	"O"	1647818	1648009
"2936"	"O"	1648102	1649022
"2937"	"O"	1648905	1649561
"2938"	"O"	1649536	1650732
"2939"	"O"	1650920	1651939
"2940"	"O"	1651951	1653165
"2941"	"O"	1653371	1653697
"2942"	"O"	1653832	1654173
"2943"	"O"	1654208	1654768
"2944"	"O"	1654771	1655517
"2945"	"O"	1655547	1655894
"2946"	"O"	1656093	1658519
"2947"	"O"	1669373	1669708
"2948"	"O"	1669984	1670805
"2949"	"O"	1670844	1671173
"2950"	"O"	1671160	1671525
"2951"	"O"	1671937	1672971
"2952"	"O"	1689610	1690863
"2953"	"O"	1702575	1702700
"2954"	"O"	1702973	1703188
"2955"	"O"	1703250	1703714
"2956"	"O"	1710793	1712295
"2957"	"O"	1716517	1717626
"2958"	"O"	1717900	1718367
"2959"	"O"	1718414	1718854
"2960"	"O"	1719049	1719285
"2961"	"O"	1782758	1785136
"2962"	"O"	1785469	1786302
"2963"	"O"	1786459	1787505
"2964"	"O"	1787637	1787828
"2965"	"O"	1787832	1789268
"2966"	"O"	1789331	1790044
"2967"	"O"	1798666	1800594
"2968"	"O"	1801118	1803017
"2969"	"O"	1803349	1804107
"2970"	"O"	1810353	1811168
"2971"	"O"	1811445	1811708
"2972"	"O"	1815172	1816524
"2973"	"O"	1816629	1817471
"2974"	"O"	1817479	1817829
"2975"	"O"	1817880	1819238
"2976"	"O"	1819323	1819643
"2977"	"O"	1819942	1820280
"2978"	"O"	1823164	1823649
"2979"	"O"	1828786	1830006
"2980"	"O"	1830452	1831258
"2981"	"O"	1841855	1843018
"2982"	"O"	1850645	1852003
"2983"	"O"	1852120	1852878
"2984"	"O"	1853015	1853995
"2985"	"O"	1854005	1854973
"2986"	"O"	1854957	1855793
"2987"	"O"	1855814	1856857
"2988"	"O"	1868409	1869884
"2989"	"O"	1869885	1871555
"2990"	"O"	1871598	1872101
"2991"	"O"	1872102	1872254
"2992"	"O"	1872376	1872822
"2993"	"O"	1872779	1873600
"2994"	"O"	1873697	1874878
"2995"	"O"	1874912	1875280
"2996"	"O"	1875302	1875556
"2997"	"O"	1875610	1876764
"2998"	"O"	1877031	1877279
"2999"	"O"	1877427	1877609
"3000"	"O"	1877613	1877972
"3001"	"O"	1878145	1878783
"3002"	"O"	1878910	1879854
"3003"	"O"	1879936	1881021
"3004"	"O"	1881212	1882657
"3005"	"O"	1891343	1891735
"3006"	"O"	1892097	1892456
"3007"	"O"	1892576	1892755
"3008"	"O"	1900072	1901043
"3009"	"O"	1901106	1901906
"3010"	"O"	1901910	1902770
"3011"	"O"	1902825	1903283
"3012"	"O"	1903658	1904278
"3013"	"O"	1904275	1905084
"3014"	"O"	1905250	1905459
"3015"	"O"	1905472	1905615
"3016"	"O"	1906285	1906572
"3017"	"O"	1906647	1906790
"3018"	"O"	1907332	1908123
"3019"	"O"	1908189	1909673
"3020"	"O"	1943389	1944000
"3021"	"O"	1944176	1944877
"3022"	"O"	1952602	1955049
"3023"	"O"	1955056	1956156
"3024"	"O"	1959975	1960484
"3025"	"O"	1977777	1978205
"3026"	"O"	1983163	1984152
"3027"	"O"	1984949	1985452
"3028"	"O"	1985468	1985806
"3029"	"O"	1986246	1986569
"3030"	"O"	1986740	1987237
"3031"	"O"	1987275	1987514
"3032"	"O"	1992727	1993383
"3033"	"O"	1993842	1994066
"3034"	"O"	1994134	1994856
"3035"	"O"	2008624	2009103
"3036"	"O"	2009372	2009563
"3037"	"O"	2010025	2010375
"3038"	"O"	2010526	2010804
"3039"	"O"	2066632	2067051
"3040"	"O"	2082491	2083549
"3041"	"O"	2095345	2096361
"3042"	"O"	2096471	2097637
"3043"	"O"	2097886	2099292
"3044"	"O"	2099919	2100935
"3045"	"O"	2100940	2101413
"3046"	"O"	2101415	2102533
"3047"	"O"	2102518	2103108
"3048"	"O"	2103089	2104081
"3049"	"O"	2104084	2105250
"3050"	"O"	2105250	2106353
"3051"	"O"	2106361	2107608
"3052"	"O"	2107605	2108162
"3053"	"O"	2108162	2109043
"3054"	"O"	2109101	2110000
"3055"	"O"	2110000	2111085
"3056"	"O"	2111458	2112351
"3057"	"O"	2125217	2126338
"3058"	"O"	2126364	2126912
"3059"	"O"	2126928	2127674
"3060"	"O"	2127685	2128902
"3061"	"O"	2128877	2130094
"3062"	"O"	2130091	2130579
"3063"	"O"	2130582	2131421
"3064"	"O"	2131514	2133712
"3065"	"O"	2133679	2134122
"3066"	"O"	2134128	2135267
"3067"	"O"	2135860	2137509
"3068"	"O"	2147063	2149009
"3069"	"O"	2149209	2149670
"3070"	"O"	2165326	2165544
"3071"	"O"	2165626	2165772
"3072"	"O"	2165759	2166025
"3073"	"O"	2166013	2166390
"3074"	"O"	2166736	2167635
"3075"	"O"	2167717	2169757
"3076"	"O"	2169857	2170897
"3077"	"O"	2170945	2172300
"3078"	"O"	2172304	2172588
"3079"	"O"	2172619	2173071
"3080"	"O"	2173081	2174343
"3081"	"O"	2174372	2175232
"3082"	"O"	2184802	2185320
"3083"	"O"	2185402	2186436
"3084"	"O"	2186452	2188932
"3085"	"O"	2188948	2189667
"3086"	"O"	2189702	2190244
"3087"	"O"	2190537	2190818
"3088"	"O"	2194496	2198291
"3089"	"O"	2202552	2203706
"3090"	"O"	2226571	2226861
"3091"	"O"	2230900	2231619
"3092"	"O"	2231622	2231861
"3093"	"O"	2232055	2233293
"3094"	"O"	2234765	2235775
"3095"	"O"	2235791	2237311
"3096"	"O"	2361755	2362318
"3097"	"O"	2362576	2363001
"3098"	"O"	2363040	2363642
"3099"	"O"	2363917	2365089
"3100"	"O"	2379104	2379565
"3101"	"O"	2379612	2380547
"3102"	"O"	2380735	2381946
"3103"	"O"	2382017	2383744
"3104"	"O"	2383876	2384853
"3105"	"O"	2384956	2385459
"3106"	"O"	2385732	2386448
"3107"	"O"	2386603	2387079
"3108"	"O"	2387135	2387986
"3109"	"O"	2624717	2626960
"3110"	"O"	2627312	2627503
"3111"	"O"	2627814	2628332
"3112"	"O"	2628348	2628887
"3113"	"O"	2650357	2651361
"3114"	"O"	2652179	2652964
"3115"	"O"	2676406	2677389
"3116"	"O"	2697685	2697945
"3117"	"O"	2739343	2739747
"3118"	"O"	2739897	2740415
"3119"	"O"	2740405	2741631
"3120"	"O"	2755666	2756622
"3121"	"O"	2756666	2756878
"3122"	"O"	2757007	2758416
"3123"	"O"	2758569	2759195
"3124"	"O"	2770858	2771058
"3125"	"O"	2770998	2771114
"3126"	"O"	2771340	2773043
"3127"	"O"	2776168	2780877
"3128"	"O"	2781087	2781230
"3129"	"O"	2781660	2782451
"3130"	"O"	2782551	2783033
"3131"	"O"	2783243	2783374
"3132"	"O"	2783784	2783859
"3133"	"O"	2783822	2783995
"3134"	"O"	2784419	2784751
"3135"	"O"	2784770	2785456
"3136"	"O"	2785628	2786260
"3137"	"O"	2786399	2786671
"3138"	"O"	2786902	2787984
"3139"	"O"	2857782	2858438
"3140"	"O"	2880177	2880659
"3141"	"O"	2880652	2882160
"3142"	"O"	2882575	2885241
"3143"	"O"	2895986	2897440
"3144"	"O"	2897510	2898370
"3145"	"O"	2898614	2899891
"3146"	"O"	2899918	2901396
"3147"	"O"	2902769	2903440
"3148"	"O"	2903664	2904605
"3149"	"O"	2931063	2931710
"3150"	"O"	2932257	2933573
"3151"	"O"	2978786	2980204
"3152"	"O"	2980519	2981280
"3153"	"O"	2981310	2982146
"3154"	"O"	2982433	2983617
"3155"	"O"	2983869	2985098
"3156"	"O"	2985498	2986190
"3157"	"O"	2986524	2987333
"3158"	"O"	2987314	2987808
"3159"	"O"	2987957	2988394
"3160"	"O"	2988576	2989022
"3161"	"O"	2989290	2989781
"3162"	"O"	2990116	2991492
"3163"	"O"	3047595	3048689
"3164"	"O"	3074201	3075478
"3165"	"O"	3075493	3076881
"3166"	"O"	3076909	3077352
"3167"	"O"	3144472	3144759
"3168"	"O"	3164133	3165740
"3169"	"O"	3165873	3166268
"3170"	"O"	3166270	3166566
"3171"	"O"	3169901	3170233
"3172"	"O"	3170552	3171133
"3173"	"O"	3181835	3182488
"3174"	"O"	3182802	3183152
"3175"	"O"	3183436	3183987
"3176"	"O"	3184209	3184574
"3177"	"O"	3184532	3185437
"3178"	"O"	3185422	3187887
"3179"	"O"	3187894	3188652
"3180"	"O"	3188654	3189718
"3181"	"O"	3189761	3189961
"3182"	"O"	3190230	3190859
"3183"	"O"	3190886	3192547
"3184"	"O"	3203346	3204278
"3185"	"O"	3204485	3205396
"3186"	"O"	3224256	3225689
"3187"	"O"	3225823	3226893
"3188"	"O"	3250326	3250691
"3189"	"O"	3250933	3251289
"3190"	"O"	3258146	3260440
"3191"	"O"	3260474	3261694
"3192"	"O"	3261708	3263039
"3193"	"O"	3263061	3264050
"3194"	"O"	3264149	3265087
"3195"	"O"	3265276	3265620
"3196"	"O"	3265855	3266415
"3197"	"O"	3266437	3267624
"3198"	"O"	3271595	3272929
"3199"	"O"	3273304	3274875
"3200"	"O"	3359198	3359962
"3201"	"O"	3360134	3360808
"3202"	"O"	3360829	3363210
"3203"	"O"	3371720	3372511
"3204"	"O"	3372891	3374258
"3205"	"O"	3382725	3383195
"3206"	"O"	3383509	3383823
"3207"	"O"	3410643	3410822
"3208"	"O"	3410825	3411487
"3209"	"O"	3411886	3413043
"3210"	"O"	3416412	3416633
"3211"	"O"	3451951	3453420
"3212"	"O"	3453600	3454415
"3213"	"O"	3538185	3538412
"3214"	"O"	3538429	3540750
"3215"	"O"	3551107	3553812
"3216"	"O"	3579886	3581064
"3217"	"O"	3581061	3581477
"3218"	"O"	3581506	3581781
"3219"	"O"	3581700	3582203
"3220"	"O"	3582782	3583066
"3221"	"O"	3596007	3596390
"3222"	"O"	3621437	3621805
"3223"	"O"	3622401	3623537
"3224"	"O"	3628991	3630613
"3225"	"O"	3630875	3631246
"3226"	"O"	3631243	3632481
"3227"	"O"	3632765	3633916
"3228"	"O"	3649314	3650096
"3229"	"O"	3650205	3651221
"3230"	"O"	3651951	3652550
"3231"	"O"	3652706	3653236
"3232"	"O"	3653278	3653925
"3233"	"O"	3653989	3654327
"3234"	"O"	3654431	3654763
"3235"	"O"	3655018	3655590
"3236"	"O"	3656389	3656916
"3237"	"O"	3657255	3658412
"3238"	"O"	3658437	3661550
"3239"	"O"	3661913	3662641
"3240"	"O"	3663009	3663833
"3241"	"O"	3727466	3728788
"3242"	"O"	3729154	3730146
"3243"	"O"	3730224	3731765
"3244"	"O"	3742351	3742824
"3245"	"O"	3742827	3744104
"3246"	"O"	3744117	3745103
"3247"	"O"	3749151	3749891
"3248"	"O"	3750015	3750989
"3249"	"O"	3750986	3752122
"3250"	"O"	3752128	3752451
"3251"	"O"	3754699	3755850
"3252"	"O"	3759370	3759978
"3253"	"O"	3760206	3764339
"3254"	"O"	3764360	3765202
"3255"	"O"	3765244	3765945
"3256"	"O"	3766200	3766661
"3257"	"O"	3787070	3788104
"3258"	"O"	3788343	3789368
"3259"	"O"	3789378	3790574
"3260"	"O"	3790849	3791721
"3261"	"O"	3792010	3792942
"3262"	"O"	3792952	3793998
"3263"	"O"	3794002	3794961
"3264"	"O"	3794971	3796230
"3265"	"O"	3796262	3797335
"3266"	"O"	3797368	3798219
"3267"	"O"	3798290	3798988
"3268"	"O"	3799006	3800022
"3269"	"O"	3800062	3801081
"3270"	"O"	3801081	3802190
"3271"	"O"	3802204	3803139
"3272"	"O"	3803176	3803973
"3273"	"O"	3803966	3805090
"3274"	"O"	3805087	3806121
"3275"	"O"	3856424	3858139
"3276"	"O"	3858276	3859199
"3277"	"O"	3886458	3886532
"3278"	"O"	3886738	3888168
"3279"	"O"	4042180	4043652
"3280"	"O"	4043693	4044625
"3281"	"O"	4044989	4047775
"3282"	"O"	4059188	4060168
"3283"	"O"	4060270	4061535
"3284"	"O"	4061626	4062318
"3285"	"O"	4062386	4063789
"3286"	"O"	4063832	4065238
"3287"	"O"	4065263	4067299
"3288"	"O"	4077287	4077532
"3289"	"O"	4077750	4077992
"3290"	"O"	4085025	4086080
"3291"	"O"	4090400	4090846
"3292"	"O"	4218324	4220510
"3293"	"O"	4229382	4229654
"3294"	"O"	4233929	4234171
"3295"	"O"	4238802	4240277
"3296"	"O"	4248978	4250306
"3297"	"O"	4250418	4251026
"3298"	"O"	4257511	4258086
"3299"	"O"	4258344	4258598
"3300"	"O"	4258622	4259329
"3301"	"O"	4259692	4260729
"3302"	"O"	4267437	4268150
"3303"	"O"	4272783	4273133
"3304"	"O"	4273494	4275080
"3305"	"O"	4279806	4281098
"3306"	"O"	4301101	4302132
"3307"	"O"	4302635	4304632
"3308"	"O"	4307471	4309003
"3309"	"O"	4309130	4310065
"3310"	"O"	4310124	4311047
"3311"	"O"	4408156	4408557
"3312"	"O"	4408576	4409274
"3313"	"O"	4409325	4409984
"3314"	"O"	4410002	4410400
"3315"	"O"	4410410	4411048
"3316"	"O"	4424651	4425445
"3317"	"O"	4425792	4426118
"3318"	"O"	4435730	4436668
"3319"	"O"	4473424	4475274
"3320"	"O"	4477057	4477560
"3321"	"O"	4477753	4478949
"3322"	"O"	4490610	4491374
"3323"	"O"	4491398	4492429
"3324"	"O"	4541138	4541686
"3325"	"O"	4541643	4542290
"3326"	"O"	4542327	4543052
"3327"	"O"	4543119	4545755
"3328"	"O"	4553513	4554343
"3329"	"O"	4555007	4555408
"3330"	"O"	4568185	4569597
"3331"	"O"	4569774	4569938
"3332"	"O"	4570389	4571954
"3333"	"O"	4574935	4575981
"3334"	"O"	4575981	4577378
"3335"	"O"	4577522	4577920
"3336"	"O"	4578091	4579485
"3337"	"O"	4587152	4589317
"3338"	"O"	4589680	4591335
"3339"	"O"	4591384	4592745
"3340"	"O"	4592960	4593874
"3341"	"O"	4593998	4595035
"3342"	"O"	1047168	1047914
"3343"	"O"	1047911	1048555
"3344"	"O"	1048662	1048985
"3345"	"O"	1049250	1049753
"3346"	"O"	1050186	1050398
"3347"	"O"	1050684	1050896
"3348"	"O"	1051070	1051300
"3349"	"O"	1062078	1062998
"3350"	"O"	1063259	1064515
"3351"	"O"	1064808	1066049
"3352"	"O"	1078528	1080036
"3353"	"O"	1080570	1080689
"3354"	"O"	1081466	1082593
"3355"	"O"	1082599	1083870
"3356"	"O"	1084215	1085279
"3357"	"O"	1085329	1085742
"3358"	"O"	1085744	1087069
"3359"	"O"	1087062	1089080
"3360"	"O"	1089089	1091512
"3361"	"O"	1092099	1093457
"3362"	"O"	1093498	1094364
"3363"	"O"	1094361	1094669
"3364"	"O"	1094746	1095069
"3365"	"O"	1095066	1096052
"3366"	"O"	1096788	1096875
"3367"	"O"	1097070	1098047
"3368"	"O"	1098102	1098839
"3369"	"O"	1098863	1099417
"3370"	"O"	1099471	1100010
"3371"	"O"	1100074	1100907
"3372"	"O"	1100934	1101350
"3373"	"O"	1101375	1101764
"3374"	"O"	1101769	1102419
"3375"	"O"	1103174	1103629
"3376"	"O"	1103670	1104125
"3377"	"O"	1104184	1104516
"3378"	"O"	1104637	1104948
"3379"	"O"	1749752	1751854
"3380"	"O"	1751875	1752501
"3381"	"O"	1752956	1753165
"3382"	"O"	1753722	1755134
"3383"	"O"	1755445	1755681
"3384"	"O"	1768612	1768995
"3385"	"O"	1769095	1770309
"3386"	"O"	1770530	1771801
"3387"	"O"	1771813	1772679
"3388"	"O"	1772710	1773468
"3389"	"O"	1773611	1775206
"3390"	"O"	1775166	1776371
"3391"	"O"	1776414	1777325
"3392"	"O"	2020917	2021702
"3393"	"O"	2021992	2022615
"3394"	"O"	2022659	2022847
"3395"	"O"	2022995	2023237
"3396"	"O"	2031143	2031526
"3397"	"O"	2032045	2032560
"3398"	"O"	2033859	2034710
"3399"	"O"	2034818	2036176
"3400"	"O"	2036176	2036895
"3401"	"O"	2036980	2037393
"3402"	"O"	2037502	2038506
"3403"	"O"	2038507	2039142
"3404"	"O"	2039399	2040049
"3405"	"O"	2040362	2040922
"3406"	"O"	2041492	2041581
"3407"	"O"	2050300	2051352
"3408"	"O"	2051667	2052983
"3409"	"O"	2053085	2054539
"3410"	"O"	2054882	2055598
"3411"	"O"	2056051	2056126
"3412"	"O"	2252267	2253208
"3413"	"O"	2253377	2254036
"3414"	"O"	2254107	2255357
"3415"	"O"	2255451	2256389
"3416"	"O"	2256377	2257318
"3417"	"O"	2451287	2453023
"3418"	"O"	2453105	2453668
"3419"	"O"	2454349	2454834
"3420"	"O"	2455037	2457181
"3421"	"O"	2457181	2458491
"3422"	"O"	2458672	2458980
"3423"	"O"	2459322	2460668
"3424"	"O"	2461034	2462092
"3425"	"O"	2462274	2463029
"3426"	"O"	2463323	2464255
"3427"	"O"	2464331	2464405
"3428"	"O"	2464567	2465724
"3429"	"O"	2465877	2466239
"3430"	"O"	2466236	2467156
"3431"	"O"	2467153	2468484
"3432"	"O"	2468783	2469127
"3433"	"O"	2469099	2469539
"3434"	"O"	2469566	2470084
"3435"	"O"	2470134	2470442
"3436"	"O"	2470409	2470903
"3437"	"O"	2470900	2471268
"3438"	"O"	2471542	2471988
"3439"	"O"	2472054	2472878
"3440"	"O"	2472979	2473542
"3441"	"O"	2473533	2473895
"3442"	"O"	2473895	2474200
"3443"	"O"	2474716	2475651
"3444"	"O"	2475869	2477206
"3445"	"O"	2477224	2478552
"3446"	"O"	2478660	2480198
"3447"	"O"	2480198	2481361
"3448"	"O"	2481777	2482391
"3449"	"O"	2482396	2485989
"3450"	"O"	2486045	2487229
"3451"	"O"	2487264	2488208
"3452"	"O"	2488278	2489972
"3453"	"O"	2490026	2491276
"3454"	"O"	2491789	2492424
"3455"	"O"	2492720	2492995
"3456"	"O"	2493072	2493314
"3457"	"O"	2493601	2494587
"3458"	"O"	2495079	2496317
"3459"	"O"	2496693	2498390
"3460"	"O"	2519615	2520499
"3461"	"O"	2520751	2522007
"3462"	"O"	2522067	2522900
"3463"	"O"	2523149	2523913
"3464"	"O"	2794892	2795050
"3465"	"O"	2795233	2795532
"3466"	"O"	2795542	2796066
"3467"	"O"	2796113	2796517
"3468"	"O"	2797186	2797635
"3469"	"O"	2802837	2804039
"3470"	"O"	2991660	2991878
"3471"	"O"	2992021	2992437
"3472"	"O"	2992482	2992928
"3473"	"O"	2992959	2993114
"3474"	"O"	2993336	2993767
"3475"	"O"	2993770	2993991
"3476"	"O"	2993984	2994409
"3477"	"O"	2994394	2995299
"3478"	"O"	2995257	2995622
"3479"	"O"	2995711	2996010
"3480"	"O"	2996056	2996892
"3481"	"O"	2997006	2997079
"3482"	"O"	2997158	2997937
"3483"	"O"	3002030	3003808
"3484"	"O"	3004284	3005474
"3485"	"O"	3012309	3013016
"3486"	"O"	3013182	3013760
"3487"	"O"	3014082	3017180
"3488"	"O"	3027034	3028968
"3489"	"O"	3029320	3030837
"3490"	"O"	3031087	3031635
"3491"	"O"	3086306	3087700
"3492"	"O"	3110076	3110942
"3493"	"O"	3111089	3111499
"3494"	"O"	3112572	3117134
"3495"	"O"	3117619	3119301
"3496"	"O"	3131266	3131979
"3497"	"O"	3132153	3132845
"3498"	"O"	3132894	3134393
"3499"	"O"	3282192	3282668
"3500"	"O"	3282707	3283510
"3501"	"O"	3283500	3284291
"3502"	"O"	3284292	3285047
"3503"	"O"	3285448	3286032
"3504"	"O"	3286112	3286807
"3505"	"O"	3286836	3289352
"3506"	"O"	3318010	3319653
"3507"	"O"	3664203	3665603
"3508"	"O"	3665814	3667211
"3509"	"O"	3667615	3669264
"3510"	"O"	3669315	3669917
"3511"	"O"	3670365	3671336
"3512"	"O"	3693256	3693984
"3513"	"O"	3694020	3694208
"3514"	"O"	3694481	3696052
"3515"	"O"	3717501	3717791
"3516"	"O"	3718072	3718284
"3517"	"O"	3718471	3718623
"3518"	"O"	3718703	3719224
"3519"	"O"	3719221	3720072
"3520"	"O"	3723910	3724905
"3521"	"O"	3724947	3725387
"3522"	"O"	3725430	3725783
"3523"	"O"	3982375	3984030
"3524"	"O"	4000442	4000822
"3525"	"O"	4000836	4001252
"3526"	"O"	4001311	4002201
"3527"	"O"	4172099	4173049
"3528"	"O"	4173236	4173391
"3529"	"O"	4173411	4173486
"3530"	"O"	4173495	4173579
"3531"	"O"	4173696	4173770
"3532"	"O"	4173777	4173852
"3533"	"O"	4324422	4324757
"3534"	"O"	4325158	4327386
"3535"	"O"	4333717	4335054
"3536"	"O"	4335191	4335952
"3537"	"O"	4345427	4346767
"3538"	"O"	4347338	4348057
"3539"	"O"	4348054	4349685
"3540"	"O"	4349866	4350096
"3541"	"O"	4350108	4350380
"3542"	"O"	4350607	4350903
"3543"	"O"	4351223	4352740
"3544"	"O"	4352977	4354434
"3545"	"O"	4354493	4356640
"3546"	"O"	4356720	4358054
"3547"	"O"	4358419	4359957
"3548"	"O"	4492646	4493209
"3549"	"O"	4496250	4496660
"3550"	"O"	4502021	4503298
"3551"	"O"	4503295	4504428
"3552"	"O"	4504649	4505023
"3553"	"O"	4504929	4505132
"3554"	"O"	4505184	4505486
"3555"	"O"	4518694	4520043
"3556"	"O"	4520150	4522117
"3557"	"O"	4522128	4523087
"3558"	"O"	4523038	4523826
"3559"	"O"	4533038	4534054
"3560"	"O"	4534637	4535617
"3561"	"O"	4535682	4536896
"3562"	"O"	4536808	4537533
"3563"	"O"	4538980	4539582
"3564"	"O"	4540060	4540656
"3565"	"O"	4600111	4600944
"3566"	"O"	4601500	4602225
"3567"	"O"	4602183	4602860
"3568"	"O"	4638965	4639651
"3569"	"O"	2309668	2310771
"3570"	"O"	2338439	2342191
"3571"	"O"	16751	16903
"3572"	"O"	17489	18655
"3573"	"O"	34195	34695
"3574"	"O"	34781	35392
"3575"	"O"	35377	36270
"3576"	"O"	770678	772249
"3577"	"O"	89634	90092
